time_ms,exit_code,path_size,path,buffer_size,buffer,num_states,num_controls
2.762,0,36,0,649,0,3,2
,,,4,,-1,,
,,,12,,1,,
,,,29,,0,,
,,,40,,inf,,
,,,48,,0,,
,,,62,,0,,
,,,73,,0,,
,,,84,,0,,
,,,92,,0,,
,,,106,,0,,
,,,114,,1,,
,,,132,,0,,
,,,399,,-1,,
,,,414,,1,,
,,,429,,6.97109,,
,,,433,,0.04,,
,,,450,,0.2,,
,,,461,,0,,
,,,466,,0,,
,,,477,,0.4,,
,,,491,,0,,
,,,499,,2,,
,,,513,,0,,
,,,521,,-1,,
,,,535,,1,,
,,,543,,7.02664,,
,,,557,,0.02,,
,,,568,,0.0995381,,
,,,579,,-0.00783384,,
,,,587,,6.08684,,
,,,601,,0.2,,
,,,609,,-0.3927,,
,,,623,,3,,
,,,634,,0,,
,,,645,,-1,,
,,,,,1,,
,,,,,7.03393,,
,,,,,0.01333,,
,,,,,0.0663421,,
,,,,,0.00522125,,
,,,,,0.19635,,
,,,,,0.1333,,
,,,,,0.3927,,
,,,,,4,,
,,,,,0,,
,,,,,12,,
,,,,,1,,
,,,,,6.96369,,
,,,,,0.053,,
,,,,,0.262251,,
,,,,,-0.0310369,,
,,,,,5.98869,,
,,,,,0.53,,
,,,,,-0.589,,
,,,,,5,,
,,,,,0,,
,,,,,-1,,
,,,,,1,,
,,,,,6.98299,,
,,,,,0.03333,,
,,,,,0.166457,,
,,,,,0.00653848,,
,,,,,0.09815,,
,,,,,0.3333,,
,,,,,0.1963,,
,,,,,6,,
,,,,,0,,
,,,,,-1,,
,,,,,1,,
,,,,,7.05515,,
,,,,,0.00667,,
,,,,,0.0333115,,
,,,,,-0.00130847,,
,,,,,6.18504,,
,,,,,0.0667,,
,,,,,-0.1963,,
,,,,,7,,
,,,,,0,,
,,,,,-1,,
,,,,,1,,
,,,,,6.93663,,
,,,,,0.04667,,
,,,,,0.23093,,
,,,,,0.02733,,
,,,,,0.2945,,
,,,,,0.4667,,
,,,,,0.589,,
,,,,,8,,
,,,,,0,,
,,,,,-1,,
,,,,,1,,
,,,,,7.01843,,
,,,,,0.02667,,
,,,,,0.13147,,
,,,,,-0.0181838,,
,,,,,5.93959,,
,,,,,0.2667,,
,,,,,-0.6872,,
,,,,,9,,
,,,,,0,,
,,,,,-1,,
,,,,,1,,
,,,,,7.05952,,
,,,,,0.00444,,
,,,,,0.0221936,,
,,,,,0.000435938,,
,,,,,0.0491,,
,,,,,0.0444,,
,,,,,0.0982,,
,,,,,10,,
,,,,,0,,
,,,,,-1,,
,,,,,1,,
,,,,,6.97003,,
,,,,,0.04444,,
,,,,,0.221622,,
,,,,,-0.0130686,,
,,,,,6.13594,,
,,,,,0.4444,,
,,,,,-0.2945,,
,,,,,11,,
,,,,,0,,
,,,,,-1,,
,,,,,1,,
,,,,,7.0017,,
,,,,,0.02444,,
,,,,,0.121319,,
,,,,,0.0119495,,
,,,,,0.24545,,
,,,,,0.2444,,
,,,,,0.4909,,
,,,,,12,,
,,,,,4,,
,,,,,23,,
,,,,,2,,
,,,,,6.91709,,
,,,,,0.093,,
,,,,,0.453641,,
,,,,,-0.0890891,,
,,,,,5.98869,,
,,,,,0.4,,
,,,,,0,,
,,,,,13,,
,,,,,4,,
,,,,,-1,,
,,,,,2,,
,,,,,6.94706,,
,,,,,0.073,,
,,,,,0.35523,,
,,,,,-0.0674255,,
,,,,,5.79234,,
,,,,,0.2,,
,,,,,-0.3927,,
,,,,,14,,
,,,,,4,,
,,,,,-1,,
,,,,,2,,
,,,,,6.94307,,
,,,,,0.06633,,
,,,,,0.327253,,
,,,,,-0.045297,,
,,,,,6.18504,,
,,,,,0.1333,,
,,,,,0.3927,,
,,,,,15,,
,,,,,4,,
,,,,,-1,,
,,,,,2,,
,,,,,6.93238,,
,,,,,0.106,,
,,,,,0.504203,,
,,,,,-0.136859,,
,,,,,5.69419,,
,,,,,0.53,,
,,,,,-0.589,,
,,,,,16,,
,,,,,4,,
,,,,,-1,,
,,,,,2,,
,,,,,6.91869,,
,,,,,0.08633,,
,,,,,0.42344,,
,,,,,-0.0730961,,
,,,,,6.08684,,
,,,,,0.3333,,
,,,,,0.1963,,
,,,,,17,,
,,,,,4,,
,,,,,-1,,
,,,,,2,,
,,,,,6.95678,,
,,,,,0.05967,,
,,,,,0.293749,,
,,,,,-0.0419581,,
,,,,,5.89054,,
,,,,,0.0667,,
,,,,,-0.1963,,
,,,,,18,,
,,,,,4,,
,,,,,-1,,
,,,,,2,,
,,,,,6.88597,,
,,,,,0.09967,,
,,,,,0.491172,,
,,,,,-0.0719134,,
,,,,,6.28319,,
,,,,,0.4667,,
,,,,,0.589,,
,,,,,19,,
,,,,,4,,
,,,,,-1,,
,,,,,2,,
,,,,,6.94933,,
,,,,,0.07967,,
,,,,,0.382783,,
,,,,,-0.0865983,,
,,,,,5.64509,,
,,,,,0.2667,,
,,,,,-0.6872,,
,,,,,20,,
,,,,,4,,
,,,,,-1,,
,,,,,2,,
,,,,,6.95789,,
,,,,,0.05744,,
,,,,,0.283616,,
,,,,,-0.0370617,,
,,,,,6.03779,,
,,,,,0.0444,,
,,,,,0.0982,,
,,,,,21,,
,,,,,4,,
,,,,,-1,,
,,,,,2,,
,,,,,6.92432,,
,,,,,0.09744,,
,,,,,0.470539,,
,,,,,-0.107871,,
,,,,,5.84144,,
,,,,,0.4444,,
,,,,,-0.2945,,
,,,,,22,,
,,,,,4,,
,,,,,-1,,
,,,,,2,,
,,,,,6.92425,,
,,,,,0.07744,,
,,,,,0.381815,,
,,,,,-0.054816,,
,,,,,6.23414,,
,,,,,0.2444,,
,,,,,0.4909,,
,,,,,27,,
,,,,,12,,
,,,,,-1,,
,,,,,3,,
,,,,,6.87603,,
,,,,,0.12633,,
,,,,,0.61483,,
,,,,,-0.131148,,
,,,,,6.08684,,
,,,,,0.3333,,
,,,,,0.1963,,
,,,,,24,,
,,,,,12,,
,,,,,-1,,
,,,,,3,,
,,,,,6.90293,,
,,,,,0.113,,
,,,,,0.54662,,
,,,,,-0.125478,,
,,,,,5.79234,,
,,,,,0.2,,
,,,,,-0.3927,,
,,,,,25,,
,,,,,12,,
,,,,,-1,,
,,,,,3,,
,,,,,6.898,,
,,,,,0.10633,,
,,,,,0.518642,,
,,,,,-0.103349,,
,,,,,6.18504,,
,,,,,0.1333,,
,,,,,0.3927,,
,,,,,32,,
,,,,,12,,
,,,,,-1,,
,,,,,3,,
,,,,,6.88323,,
,,,,,0.13744,,
,,,,,0.661928,,
,,,,,-0.165924,,
,,,,,5.84144,,
,,,,,0.4444,,
,,,,,-0.2945,,
,,,,,23,,
,,,,,12,,
,,,,,-1,,
,,,,,3,,
,,,,,6.87532,,
,,,,,0.133,,
,,,,,0.64503,,
,,,,,-0.147141,,
,,,,,5.98869,,
,,,,,0.4,,
,,,,,0,,
,,,,,28,,
,,,,,12,,
,,,,,-1,,
,,,,,3,,
,,,,,6.91099,,
,,,,,0.09967,,
,,,,,0.485138,,
,,,,,-0.10001,,
,,,,,5.89054,,
,,,,,0.0667,,
,,,,,-0.1963,,
,,,,,29,,
,,,,,12,,
,,,,,34,,
,,,,,3,,
,,,,,6.84466,,
,,,,,0.13967,,
,,,,,0.682561,,
,,,,,-0.129966,,
,,,,,6.28319,,
,,,,,0.4667,,
,,,,,0.589,,
,,,,,30,,
,,,,,12,,
,,,,,-1,,
,,,,,3,,
,,,,,6.90608,,
,,,,,0.11967,,
,,,,,0.574172,,
,,,,,-0.144651,,
,,,,,5.64509,,
,,,,,0.2667,,
,,,,,-0.6872,,
,,,,,31,,
,,,,,12,,
,,,,,-1,,
,,,,,3,,
,,,,,6.91182,,
,,,,,0.09744,,
,,,,,0.475005,,
,,,,,-0.0951139,,
,,,,,6.03779,,
,,,,,0.0444,,
,,,,,0.0982,,
,,,,,26,,
,,,,,12,,
,,,,,-1,,
,,,,,3,,
,,,,,6.89248,,
,,,,,0.146,,
,,,,,0.695593,,
,,,,,-0.194911,,
,,,,,5.69419,,
,,,,,0.53,,
,,,,,-0.589,,
,,,,,33,,
,,,,,12,,
,,,,,-1,,
,,,,,3,,
,,,,,6.88042,,
,,,,,0.11744,,
,,,,,0.573205,,
,,,,,-0.112868,,
,,,,,6.23414,,
,,,,,0.2444,,
,,,,,0.4909,,
,,,,,34,,
,,,,,29,,
,,,,,-1,,
,,,,,4,,
,,,,,6.75765,,
,,,,,0.17967,,
,,,,,0.882561,,
,,,,,-0.129966,,
,,,,,6.28319,,
,,,,,0.4,,
,,,,,0,,
,,,,,35,,
,,,,,29,,
,,,,,-1,,
,,,,,4,,
,,,,,6.80705,,
,,,,,0.15967,,
,,,,,0.782099,,
,,,,,-0.1378,,
,,,,,6.08684,,
,,,,,0.2,,
,,,,,-0.3927,,
,,,,,42,,
,,,,,29,,
,,,,,-1,,
,,,,,4,,
,,,,,6.83449,,
,,,,,0.14411,,
,,,,,0.704755,,
,,,,,-0.12953,,
,,,,,0.0490997,,
,,,,,0.0444,,
,,,,,0.0982,,
,,,,,37,,
,,,,,29,,
,,,,,-1,,
,,,,,4,,
,,,,,6.75624,,
,,,,,0.19267,,
,,,,,0.944813,,
,,,,,-0.161003,,
,,,,,5.98869,,
,,,,,0.53,,
,,,,,-0.589,,
,,,,,44,,
,,,,,29,,
,,,,,-1,,
,,,,,4,,
,,,,,6.78238,,
,,,,,0.16411,,
,,,,,0.80388,,
,,,,,-0.118016,,
,,,,,0.24545,,
,,,,,0.2444,,
,,,,,0.4909,,
,,,,,39,,
,,,,,29,,
,,,,,-1,,
,,,,,4,,
,,,,,6.83093,,
,,,,,0.14634,,
,,,,,0.715873,,
,,,,,-0.131274,,
,,,,,6.18504,,
,,,,,0.0667,,
,,,,,-0.1963,,
,,,,,40,,
,,,,,29,,
,,,,,45,,
,,,,,4,,
,,,,,6.72365,,
,,,,,0.18634,,
,,,,,0.913491,,
,,,,,-0.102636,,
,,,,,0.2945,,
,,,,,0.4667,,
,,,,,0.589,,
,,,,,41,,
,,,,,29,,
,,,,,-1,,
,,,,,4,,
,,,,,6.80153,,
,,,,,0.16634,,
,,,,,0.814031,,
,,,,,-0.14815,,
,,,,,5.93959,,
,,,,,0.2667,,
,,,,,-0.6872,,
,,,,,36,,
,,,,,29,,
,,,,,-1,,
,,,,,4,,
,,,,,6.81144,,
,,,,,0.153,,
,,,,,0.748903,,
,,,,,-0.124744,,
,,,,,0.19635,,
,,,,,0.1333,,
,,,,,0.3927,,
,,,,,43,,
,,,,,29,,
,,,,,-1,,
,,,,,4,,
,,,,,6.7588,,
,,,,,0.18411,,
,,,,,0.904184,,
,,,,,-0.143034,,
,,,,,6.13594,,
,,,,,0.4444,,
,,,,,-0.2945,,
,,,,,38,,
,,,,,29,,
,,,,,-1,,
,,,,,4,,
,,,,,6.76695,,
,,,,,0.173,,
,,,,,0.849019,,
,,,,,-0.123427,,
,,,,,0.0981497,,
,,,,,0.3333,,
,,,,,0.1963,,
,,,,,45,,
,,,,,40,,
,,,,,-1,,
,,,,,5,,
,,,,,6.5997,,
,,,,,0.22634,,
,,,,,1.10488,,
,,,,,-0.0445835,,
,,,,,0.2945,,
,,,,,0.4,,
,,,,,0,,
,,,,,46,,
,,,,,40,,
,,,,,-1,,
,,,,,5,,
,,,,,6.66629,,
,,,,,0.20634,,
,,,,,1.01102,,
,,,,,-0.0812403,,
,,,,,0.0981496,,
,,,,,0.2,,
,,,,,-0.3927,,
,,,,,47,,
,,,,,40,,
,,,,,-1,,
,,,,,5,,
,,,,,6.6794,,
,,,,,0.19967,,
,,,,,0.975461,,
,,,,,-0.0783827,,
,,,,,0.490849,,
,,,,,0.1333,,
,,,,,0.3927,,
,,,,,48,,
,,,,,40,,
,,,,,56,,
,,,,,5,,
,,,,,6.5803,,
,,,,,0.23934,,
,,,,,1.17346,,
,,,,,-0.0562151,,
,,,,,6.28319,,
,,,,,0.53,,
,,,,,-0.589,,
,,,,,49,,
,,,,,40,,
,,,,,-1,,
,,,,,5,,
,,,,,6.61661,,
,,,,,0.21967,,
,,,,,1.07088,,
,,,,,-0.0480626,,
,,,,,0.39265,,
,,,,,0.3333,,
,,,,,0.1963,,
,,,,,53,,
,,,,,40,,
,,,,,-1,,
,,,,,5,,
,,,,,6.70955,,
,,,,,0.19078,,
,,,,,0.934602,,
,,,,,-0.0957766,,
,,,,,0.3436,,
,,,,,0.0444,,
,,,,,0.0982,,
,,,,,51,,
,,,,,40,,
,,,,,-1,,
,,,,,5,,
,,,,,6.56533,,
,,,,,0.23301,,
,,,,,1.12655,,
,,,,,-0.00945243,,
,,,,,0.589,,
,,,,,0.4667,,
,,,,,0.589,,
,,,,,52,,
,,,,,40,,
,,,,,-1,,
,,,,,5,,
,,,,,6.65279,,
,,,,,0.21301,,
,,,,,1.04458,,
,,,,,-0.0818762,,
,,,,,6.23408,,
,,,,,0.2667,,
,,,,,-0.6872,,
,,,,,50,,
,,,,,40,,
,,,,,-1,,
,,,,,5,,
,,,,,6.70362,,
,,,,,0.19301,,
,,,,,0.945748,,
,,,,,-0.0942189,,
,,,,,0.19635,,
,,,,,0.0667,,
,,,,,-0.1963,,
,,,,,54,,
,,,,,40,,
,,,,,-1,,
,,,,,5,,
,,,,,6.59415,,
,,,,,0.23078,,
,,,,,1.12937,,
,,,,,-0.0508134,,
,,,,,0.14725,,
,,,,,0.4444,,
,,,,,-0.2945,,
,,,,,55,,
,,,,,40,,
,,,,,-1,,
,,,,,5,,
,,,,,6.64154,,
,,,,,0.21078,,
,,,,,1.02612,,
,,,,,-0.0559866,,
,,,,,0.53995,,
,,,,,0.2444,,
,,,,,0.4909,,
,,,,,56,,
,,,,,48,,
,,,,,-1,,
,,,,,6,,
,,,,,6.50165,,
,,,,,0.27934,,
,,,,,1.37346,,
,,,,,-0.0562151,,
,,,,,6.28319,,
,,,,,0.4,,
,,,,,0,,
,,,,,57,,
,,,,,48,,
,,,,,-1,,
,,,,,6,,
,,,,,6.54704,,
,,,,,0.25934,,
,,,,,1.273,,
,,,,,-0.0640489,,
,,,,,6.08684,,
,,,,,0.2,,
,,,,,-0.3927,,
,,,,,58,,
,,,,,48,,
,,,,,-1,,
,,,,,6,,
,,,,,6.54962,,
,,,,,0.25267,,
,,,,,1.2398,,
,,,,,-0.0509938,,
,,,,,0.19635,,
,,,,,0.1333,,
,,,,,0.3927,,
,,,,,59,,
,,,,,48,,
,,,,,-1,,
,,,,,6,,
,,,,,6.50396,,
,,,,,0.29234,,
,,,,,1.43571,,
,,,,,-0.087252,,
,,,,,5.98869,,
,,,,,0.53,,
,,,,,-0.589,,
,,,,,60,,
,,,,,48,,
,,,,,-1,,
,,,,,6,,
,,,,,6.50929,,
,,,,,0.27267,,
,,,,,1.33992,,
,,,,,-0.0496767,,
,,,,,0.0981497,,
,,,,,0.3333,,
,,,,,0.1963,,
,,,,,61,,
,,,,,48,,
,,,,,-1,,
,,,,,6,,
,,,,,6.56797,,
,,,,,0.24601,,
,,,,,1.20677,,
,,,,,-0.0575236,,
,,,,,6.18504,,
,,,,,0.0667,,
,,,,,-0.1963,,
,,,,,62,,
,,,,,48,,
,,,,,67,,
,,,,,6,,
,,,,,6.46809,,
,,,,,0.28601,,
,,,,,1.40439,,
,,,,,-0.0288851,,
,,,,,0.2945,,
,,,,,0.4667,,
,,,,,0.589,,
,,,,,63,,
,,,,,48,,
,,,,,-1,,
,,,,,6,,
,,,,,6.5432,,
,,,,,0.26601,,
,,,,,1.30493,,
,,,,,-0.0743989,,
,,,,,5.93959,,
,,,,,0.2667,,
,,,,,-0.6872,,
,,,,,64,,
,,,,,48,,
,,,,,-1,,
,,,,,6,,
,,,,,6.57102,,
,,,,,0.24378,,
,,,,,1.19565,,
,,,,,-0.0557791,,
,,,,,0.0490997,,
,,,,,0.0444,,
,,,,,0.0982,,
,,,,,65,,
,,,,,48,,
,,,,,-1,,
,,,,,6,,
,,,,,6.50416,,
,,,,,0.28378,,
,,,,,1.39508,,
,,,,,-0.0692838,,
,,,,,6.13594,,
,,,,,0.4444,,
,,,,,-0.2945,,
,,,,,66,,
,,,,,48,,
,,,,,-1,,
,,,,,6,,
,,,,,6.52264,,
,,,,,0.26378,,
,,,,,1.29478,,
,,,,,-0.0442656,,
,,,,,0.24545,,
,,,,,0.2444,,
,,,,,0.4909,,
,,,,,71,,
,,,,,62,,
,,,,,-1,,
,,,,,7,,
,,,,,6.36625,,
,,,,,0.31934,,
,,,,,1.56178,,
,,,,,0.025688,,
,,,,,0.39265,,
,,,,,0.3333,,
,,,,,0.1963,,
,,,,,68,,
,,,,,62,,
,,,,,-1,,
,,,,,7,,
,,,,,6.41433,,
,,,,,0.30601,,
,,,,,1.50192,,
,,,,,-0.00748967,,
,,,,,0.0981496,,
,,,,,0.2,,
,,,,,-0.3927,,
,,,,,69,,
,,,,,62,,
,,,,,-1,,
,,,,,7,,
,,,,,6.42575,,
,,,,,0.29934,,
,,,,,1.46636,,
,,,,,-0.00463213,,
,,,,,0.490849,,
,,,,,0.1333,,
,,,,,0.3927,,
,,,,,70,,
,,,,,62,,
,,,,,-1,,
,,,,,7,,
,,,,,6.33496,,
,,,,,0.33901,,
,,,,,1.66436,,
,,,,,0.0175355,,
,,,,,6.28319,,
,,,,,0.53,,
,,,,,-0.589,,
,,,,,67,,
,,,,,62,,
,,,,,-1,,
,,,,,7,,
,,,,,6.35078,,
,,,,,0.32601,,
,,,,,1.59578,,
,,,,,0.0291671,,
,,,,,0.2945,,
,,,,,0.4,,
,,,,,0,,
,,,,,72,,
,,,,,62,,
,,,,,-1,,
,,,,,7,,
,,,,,6.44919,,
,,,,,0.29268,,
,,,,,1.43665,,
,,,,,-0.0204682,,
,,,,,0.19635,,
,,,,,0.0667,,
,,,,,-0.1963,,
,,,,,73,,
,,,,,62,,
,,,,,78,,
,,,,,7,,
,,,,,6.31623,,
,,,,,0.33268,,
,,,,,1.61744,,
,,,,,0.0642982,,
,,,,,0.589,,
,,,,,0.4667,,
,,,,,0.589,,
,,,,,74,,
,,,,,62,,
,,,,,-1,,
,,,,,7,,
,,,,,6.40236,,
,,,,,0.31268,,
,,,,,1.53548,,
,,,,,-0.00812559,,
,,,,,6.23408,,
,,,,,0.2667,,
,,,,,-0.6872,,
,,,,,75,,
,,,,,62,,
,,,,,-1,,
,,,,,7,,
,,,,,6.45468,,
,,,,,0.29045,,
,,,,,1.4255,,
,,,,,-0.022026,,
,,,,,0.3436,,
,,,,,0.0444,,
,,,,,0.0982,,
,,,,,76,,
,,,,,62,,
,,,,,-1,,
,,,,,7,,
,,,,,6.34658,,
,,,,,0.33045,,
,,,,,1.62026,,
,,,,,0.0229372,,
,,,,,0.14725,,
,,,,,0.4444,,
,,,,,-0.2945,,
,,,,,77,,
,,,,,62,,
,,,,,-1,,
,,,,,7,,
,,,,,6.38942,,
,,,,,0.31045,,
,,,,,1.51702,,
,,,,,0.017764,,
,,,,,0.53995,,
,,,,,0.2444,,
,,,,,0.4909,,
,,,,,78,,
,,,,,73,,
,,,,,-1,,
,,,,,8,,
,,,,,6.17104,,
,,,,,0.37268,,
,,,,,1.78374,,
,,,,,0.175404,,
,,,,,0.589,,
,,,,,0.4,,
,,,,,0,,
,,,,,79,,
,,,,,73,,
,,,,,-1,,
,,,,,8,,
,,,,,6.24691,,
,,,,,0.35268,,
,,,,,1.70456,,
,,,,,0.113081,,
,,,,,0.39265,,
,,,,,0.2,,
,,,,,-0.3927,,
,,,,,80,,
,,,,,73,,
,,,,,-1,,
,,,,,8,,
,,,,,6.26606,,
,,,,,0.34601,,
,,,,,1.66971,,
,,,,,0.105495,,
,,,,,0.785349,,
,,,,,0.1333,,
,,,,,0.3927,,
,,,,,81,,
,,,,,73,,
,,,,,-1,,
,,,,,8,,
,,,,,6.13871,,
,,,,,0.38568,,
,,,,,1.85275,,
,,,,,0.184179,,
,,,,,0.2945,,
,,,,,0.53,,
,,,,,-0.589,,
,,,,,82,,
,,,,,73,,
,,,,,-1,,
,,,,,8,,
,,,,,6.19287,,
,,,,,0.36601,,
,,,,,1.75222,,
,,,,,0.162207,,
,,,,,0.68715,,
,,,,,0.3333,,
,,,,,0.1963,,
,,,,,83,,
,,,,,73,,
,,,,,-1,,
,,,,,8,,
,,,,,6.29248,,
,,,,,0.33935,,
,,,,,1.64587,,
,,,,,0.0817157,,
,,,,,0.490849,,
,,,,,0.0667,,
,,,,,-0.1963,,
,,,,,84,,
,,,,,73,,
,,,,,89,,
,,,,,8,,
,,,,,6.13868,,
,,,,,0.37935,,
,,,,,1.79428,,
,,,,,0.215311,,
,,,,,0.8835,,
,,,,,0.4667,,
,,,,,0.589,,
,,,,,85,,
,,,,,73,,
,,,,,-1,,
,,,,,8,,
,,,,,6.22798,,
,,,,,0.35935,,
,,,,,1.73686,,
,,,,,0.122214,,
,,,,,0.2454,,
,,,,,0.2667,,
,,,,,-0.6872,,
,,,,,86,,
,,,,,73,,
,,,,,-1,,
,,,,,8,,
,,,,,6.29991,,
,,,,,0.33712,,
,,,,,1.63566,,
,,,,,0.0769898,,
,,,,,0.638099,,
,,,,,0.0444,,
,,,,,0.0982,,
,,,,,87,,
,,,,,73,,
,,,,,-1,,
,,,,,8,,
,,,,,6.16057,,
,,,,,0.37712,,
,,,,,1.80898,,
,,,,,0.176549,,
,,,,,0.44175,,
,,,,,0.4444,,
,,,,,-0.2945,,
,,,,,88,,
,,,,,73,,
,,,,,-1,,
,,,,,8,,
,,,,,6.2237,,
,,,,,0.35712,,
,,,,,1.71168,,
,,,,,0.14163,,
,,,,,0.83445,,
,,,,,0.2444,,
,,,,,0.4909,,
,,,,,89,,
,,,,,84,,
,,,,,-1,,
,,,,,9,,
,,,,,5.97965,,
,,,,,0.41935,,
,,,,,1.92117,,
,,,,,0.369904,,
,,,,,0.8835,,
,,,,,0.4,,
,,,,,0,,
,,,,,90,,
,,,,,84,,
,,,,,-1,,
,,,,,9,,
,,,,,6.0604,,
,,,,,0.39935,,
,,,,,1.86349,,
,,,,,0.28728,,
,,,,,0.68715,,
,,,,,0.2,,
,,,,,-0.3927,,
,,,,,91,,
,,,,,84,,
,,,,,-1,,
,,,,,9,,
,,,,,6.08547,,
,,,,,0.39268,,
,,,,,1.83233,,
,,,,,0.269904,,
,,,,,1.07985,,
,,,,,0.1333,,
,,,,,0.3927,,
,,,,,92,,
,,,,,84,,
,,,,,100,,
,,,,,9,,
,,,,,5.93396,,
,,,,,0.43235,,
,,,,,1.98466,,
,,,,,0.398331,,
,,,,,0.589,,
,,,,,0.53,,
,,,,,-0.589,,
,,,,,99,,
,,,,,84,,
,,,,,-1,,
,,,,,9,,
,,,,,6.04122,,
,,,,,0.40379,,
,,,,,1.86201,,
,,,,,0.316668,,
,,,,,1.12895,,
,,,,,0.2444,,
,,,,,0.4909,,
,,,,,97,,
,,,,,84,,
,,,,,-1,,
,,,,,9,,
,,,,,6.12099,,
,,,,,0.38379,,
,,,,,1.80802,,
,,,,,0.232743,,
,,,,,0.932599,,
,,,,,0.0444,,
,,,,,0.0982,,
,,,,,95,,
,,,,,84,,
,,,,,-1,,
,,,,,9,,
,,,,,5.95286,,
,,,,,0.42602,,
,,,,,1.91967,,
,,,,,0.411151,,
,,,,,1.178,,
,,,,,0.4667,,
,,,,,0.589,,
,,,,,96,,
,,,,,84,,
,,,,,-1,,
,,,,,9,,
,,,,,6.03635,,
,,,,,0.40602,,
,,,,,1.89175,,
,,,,,0.305396,,
,,,,,0.5399,,
,,,,,0.2667,,
,,,,,-0.6872,,
,,,,,94,,
,,,,,84,,
,,,,,-1,,
,,,,,9,,
,,,,,6.11232,,
,,,,,0.38602,,
,,,,,1.81643,,
,,,,,0.24023,,
,,,,,0.785349,,
,,,,,0.0667,,
,,,,,-0.1963,,
,,,,,98,,
,,,,,84,,
,,,,,-1,,
,,,,,9,,
,,,,,5.96391,,
,,,,,0.42379,,
,,,,,1.94499,,
,,,,,0.378326,,
,,,,,0.73625,,
,,,,,0.4444,,
,,,,,-0.2945,,
,,,,,93,,
,,,,,84,,
,,,,,-1,,
,,,,,9,,
,,,,,6.00571,,
,,,,,0.41268,,
,,,,,1.89483,,
,,,,,0.348125,,
,,,,,0.98165,,
,,,,,0.3333,,
,,,,,0.1963,,
,,,,,100,,
,,,,,92,,
,,,,,-1,,
,,,,,10,,
,,,,,5.79045,,
,,,,,0.47235,,
,,,,,2.15095,,
,,,,,0.509437,,
,,,,,0.589,,
,,,,,0.4,,
,,,,,0,,
,,,,,101,,
,,,,,92,,
,,,,,-1,,
,,,,,10,,
,,,,,5.8656,,
,,,,,0.45235,,
,,,,,2.07177,,
,,,,,0.447113,,
,,,,,0.39265,,
,,,,,0.2,,
,,,,,-0.3927,,
,,,,,108,,
,,,,,92,,
,,,,,-1,,
,,,,,10,,
,,,,,5.9178,,
,,,,,0.43679,,
,,,,,2.00287,,
,,,,,0.411022,,
,,,,,0.638099,,
,,,,,0.0444,,
,,,,,0.0982,,
,,,,,103,,
,,,,,92,,
,,,,,-1,,
,,,,,10,,
,,,,,5.75935,,
,,,,,0.48535,,
,,,,,2.21996,,
,,,,,0.518212,,
,,,,,0.2945,,
,,,,,0.53,,
,,,,,-0.589,,
,,,,,104,,
,,,,,92,,
,,,,,-1,,
,,,,,10,,
,,,,,5.81185,,
,,,,,0.46568,,
,,,,,2.11943,,
,,,,,0.496239,,
,,,,,0.68715,,
,,,,,0.3333,,
,,,,,0.1963,,
,,,,,105,,
,,,,,92,,
,,,,,-1,,
,,,,,10,,
,,,,,5.9105,,
,,,,,0.43902,,
,,,,,2.01308,,
,,,,,0.415748,,
,,,,,0.490849,,
,,,,,0.0667,,
,,,,,-0.1963,,
,,,,,106,,
,,,,,92,,
,,,,,111,,
,,,,,10,,
,,,,,5.7578,,
,,,,,0.47902,,
,,,,,2.16149,,
,,,,,0.549344,,
,,,,,0.8835,,
,,,,,0.4667,,
,,,,,0.589,,
,,,,,107,,
,,,,,92,,
,,,,,-1,,
,,,,,10,,
,,,,,5.84716,,
,,,,,0.45902,,
,,,,,2.10407,,
,,,,,0.456246,,
,,,,,0.2454,,
,,,,,0.2667,,
,,,,,-0.6872,,
,,,,,102,,
,,,,,92,,
,,,,,-1,,
,,,,,10,,
,,,,,5.88422,,
,,,,,0.44568,,
,,,,,2.03692,,
,,,,,0.439527,,
,,,,,0.785349,,
,,,,,0.1333,,
,,,,,0.3927,,
,,,,,109,,
,,,,,92,,
,,,,,-1,,
,,,,,10,,
,,,,,5.78045,,
,,,,,0.47679,,
,,,,,2.17619,,
,,,,,0.510582,,
,,,,,0.44175,,
,,,,,0.4444,,
,,,,,-0.2945,,
,,,,,110,,
,,,,,92,,
,,,,,-1,,
,,,,,10,,
,,,,,5.84219,,
,,,,,0.45679,,
,,,,,2.07889,,
,,,,,0.475663,,
,,,,,0.83445,,
,,,,,0.2444,,
,,,,,0.4909,,
,,,,,111,,
,,,,,106,,
,,,,,-1,,
,,,,,11,,
,,,,,5.59928,,
,,,,,0.51902,,
,,,,,2.28838,,
,,,,,0.703936,,
,,,,,0.8835,,
,,,,,0.4,,
,,,,,0,,
,,,,,112,,
,,,,,106,,
,,,,,-1,,
,,,,,11,,
,,,,,5.67994,,
,,,,,0.49902,,
,,,,,2.2307,,
,,,,,0.621313,,
,,,,,0.68715,,
,,,,,0.2,,
,,,,,-0.3927,,
,,,,,113,,
,,,,,106,,
,,,,,-1,,
,,,,,11,,
,,,,,5.70464,,
,,,,,0.49235,,
,,,,,2.19954,,
,,,,,0.603936,,
,,,,,1.07985,,
,,,,,0.1333,,
,,,,,0.3927,,
,,,,,114,,
,,,,,106,,
,,,,,122,,
,,,,,11,,
,,,,,5.5545,,
,,,,,0.53202,,
,,,,,2.35187,,
,,,,,0.732363,,
,,,,,0.589,,
,,,,,0.53,,
,,,,,-0.589,,
,,,,,115,,
,,,,,106,,
,,,,,-1,,
,,,,,11,,
,,,,,5.6251,,
,,,,,0.51235,,
,,,,,2.26204,,
,,,,,0.682158,,
,,,,,0.98165,,
,,,,,0.3333,,
,,,,,0.1963,,
,,,,,119,,
,,,,,106,,
,,,,,-1,,
,,,,,11,,
,,,,,5.74015,,
,,,,,0.48346,,
,,,,,2.17523,,
,,,,,0.566775,,
,,,,,0.932599,,
,,,,,0.0444,,
,,,,,0.0982,,
,,,,,117,,
,,,,,106,,
,,,,,-1,,
,,,,,11,,
,,,,,5.57193,,
,,,,,0.52569,,
,,,,,2.28688,,
,,,,,0.745184,,
,,,,,1.178,,
,,,,,0.4667,,
,,,,,0.589,,
,,,,,118,,
,,,,,106,,
,,,,,-1,,
,,,,,11,,
,,,,,5.65622,,
,,,,,0.50569,,
,,,,,2.25896,,
,,,,,0.639428,,
,,,,,0.5399,,
,,,,,0.2667,,
,,,,,-0.6872,,
,,,,,116,,
,,,,,106,,
,,,,,-1,,
,,,,,11,,
,,,,,5.73155,,
,,,,,0.48569,,
,,,,,2.18364,,
,,,,,0.574262,,
,,,,,0.785349,,
,,,,,0.0667,,
,,,,,-0.1963,,
,,,,,120,,
,,,,,106,,
,,,,,-1,,
,,,,,11,,
,,,,,5.58391,,
,,,,,0.52346,,
,,,,,2.3122,,
,,,,,0.712358,,
,,,,,0.73625,,
,,,,,0.4444,,
,,,,,-0.2945,,
,,,,,121,,
,,,,,106,,
,,,,,-1,,
,,,,,11,,
,,,,,5.66036,,
,,,,,0.50346,,
,,,,,2.22922,,
,,,,,0.6507,,
,,,,,1.12895,,
,,,,,0.2444,,
,,,,,0.4909,,
,,,,,122,,
,,,,,114,,
,,,,,265,,
,,,,,12,,
,,,,,5.41312,,
,,,,,0.57202,,
,,,,,2.51816,,
,,,,,0.843469,,
,,,,,0.589,,
,,,,,0.4,,
,,,,,0,,
,,,,,123,,
,,,,,114,,
,,,,,-1,,
,,,,,12,,
,,,,,5.48736,,
,,,,,0.55202,,
,,,,,2.43898,,
,,,,,0.781146,,
,,,,,0.39265,,
,,,,,0.2,,
,,,,,-0.3927,,
,,,,,124,,
,,,,,114,,
,,,,,-1,,
,,,,,12,,
,,,,,5.50532,,
,,,,,0.54535,,
,,,,,2.40413,,
,,,,,0.77356,,
,,,,,0.785349,,
,,,,,0.1333,,
,,,,,0.3927,,
,,,,,350,,
,,,,,270,,
,,,,,210,,
,,,,,14,,
,,,,,5.37554,,
,,,,,0.58313,,
,,,,,2.56596,,
,,,,,0.871733,,
,,,,,0.539949,,
,,,,,0.0444,,
,,,,,0.0982,,
,,,,,405,,
,,,,,132,,
,,,,,364,,
,,,,,13,,
,,,,,5.44627,,
,,,,,0.5609,,
,,,,,2.46069,,
,,,,,0.826432,,
,,,,,0.88355,,
,,,,,0.0444,,
,,,,,0.0982,,
,,,,,127,,
,,,,,114,,
,,,,,-1,,
,,,,,12,,
,,,,,5.53141,,
,,,,,0.53869,,
,,,,,2.38029,,
,,,,,0.749781,,
,,,,,0.490849,,
,,,,,0.0667,,
,,,,,-0.1963,,
,,,,,383,,
,,,,,372,,
,,,,,133,,
,,,,,14,,
,,,,,5.40044,,
,,,,,0.57423,,
,,,,,2.51967,,
,,,,,0.859914,,
,,,,,0.785349,,
,,,,,0.0444,,
,,,,,0.0982,,
,,,,,129,,
,,,,,114,,
,,,,,-1,,
,,,,,12,,
,,,,,5.46951,,
,,,,,0.55869,,
,,,,,2.47128,,
,,,,,0.790279,,
,,,,,0.2454,,
,,,,,0.2667,,
,,,,,-0.6872,,
,,,,,130,,
,,,,,114,,
,,,,,-1,,
,,,,,12,,
,,,,,5.53856,,
,,,,,0.53646,,
,,,,,2.37008,,
,,,,,0.745055,,
,,,,,0.638099,,
,,,,,0.0444,,
,,,,,0.0982,,
,,,,,131,,
,,,,,114,,
,,,,,-1,,
,,,,,12,,
,,,,,5.40368,,
,,,,,0.57646,,
,,,,,2.5434,,
,,,,,0.844614,,
,,,,,0.44175,,
,,,,,0.4444,,
,,,,,-0.2945,,
,,,,,132,,
,,,,,114,,
,,,,,397,,
,,,,,12,,
,,,,,5.4637,,
,,,,,0.55646,,
,,,,,2.4461,,
,,,,,0.809695,,
,,,,,0.83445,,
,,,,,0.2444,,
,,,,,0.4909,,
,,,,,133,,
,,,,,128,,
,,,,,-1,,
,,,,,13,,
,,,,,0.00891,,
,,,,,0.57869,,
,,,,,2.65559,,
,,,,,1.03797,,
,,,,,0.8835,,
,,,,,0.4,,
,,,,,0,,
,,,,,415,,
,,,,,399,,
,,,,,166,,
,,,,,14,,
,,,,,5.30603,,
,,,,,0.59646,,
,,,,,2.56998,,
,,,,,0.96577,,
,,,,,0.6872,,
,,,,,0.2667,,
,,,,,-0.6872,,
,,,,,138,,
,,,,,128,,
,,,,,188,,
,,,,,13,,
,,,,,5.36296,,
,,,,,0.58536,,
,,,,,2.55085,,
,,,,,0.908295,,
,,,,,0.785349,,
,,,,,0.0667,,
,,,,,-0.1963,,
,,,,,136,,
,,,,,128,,
,,,,,-1,,
,,,,,13,,
,,,,,0.00891,,
,,,,,0.57869,,
,,,,,2.67682,,
,,,,,1.03441,,
,,,,,0.6479,,
,,,,,0.53,,
,,,,,-0.589,,
,,,,,209,,
,,,,,141,,
,,,,,144,,
,,,,,14,,
,,,,,5.27401,,
,,,,,0.60757,,
,,,,,2.60512,,
,,,,,1.00537,,
,,,,,1.17805,,
,,,,,0.2444,,
,,,,,0.4909,,
,,,,,135,,
,,,,,128,,
,,,,,-1,,
,,,,,13,,
,,,,,5.33599,,
,,,,,0.59202,,
,,,,,2.56675,,
,,,,,0.937969,,
,,,,,1.07985,,
,,,,,0.1333,,
,,,,,0.3927,,
,,,,,139,,
,,,,,128,,
,,,,,-1,,
,,,,,13,,
,,,,,0.00891,,
,,,,,0.57869,,
,,,,,2.63372,,
,,,,,1.03723,,
,,,,,1.1191,,
,,,,,0.4667,,
,,,,,0.589,,
,,,,,140,,
,,,,,128,,
,,,,,155,,
,,,,,13,,
,,,,,5.28847,,
,,,,,0.60536,,
,,,,,2.62617,,
,,,,,0.973461,,
,,,,,0.5399,,
,,,,,0.2667,,
,,,,,-0.6872,,
,,,,,407,,
,,,,,132,,
,,,,,199,,
,,,,,13,,
,,,,,5.36675,,
,,,,,0.5809,,
,,,,,2.51873,,
,,,,,0.907609,,
,,,,,1.0799,,
,,,,,0.2444,,
,,,,,0.4909,,
,,,,,142,,
,,,,,128,,
,,,,,-1,,
,,,,,13,,
,,,,,0.00891,,
,,,,,0.57869,,
,,,,,2.64737,,
,,,,,1.01559,,
,,,,,0.7657,,
,,,,,0.4444,,
,,,,,-0.2945,,
,,,,,143,,
,,,,,128,,
,,,,,-1,,
,,,,,13,,
,,,,,5.29173,,
,,,,,0.60313,,
,,,,,2.59643,,
,,,,,0.984733,,
,,,,,1.12895,,
,,,,,0.2444,,
,,,,,0.4909,,
,,,,,144,,
,,,,,137,,
,,,,,-1,,
,,,,,14,,
,,,,,0.0334101,,
,,,,,0.61202,,
,,,,,2.65148,,
,,,,,1.04945,,
,,,,,0.98165,,
,,,,,0.4,,
,,,,,0,,
,,,,,145,,
,,,,,137,,
,,,,,-1,,
,,,,,14,,
,,,,,0.0334101,,
,,,,,0.61202,,
,,,,,2.64037,,
,,,,,1.03282,,
,,,,,0.94238,,
,,,,,0.2,,
,,,,,-0.3927,,
,,,,,146,,
,,,,,137,,
,,,,,-1,,
,,,,,14,,
,,,,,0.0334101,,
,,,,,0.61202,,
,,,,,2.63666,,
,,,,,1.02727,,
,,,,,1.02092,,
,,,,,0.1333,,
,,,,,0.3927,,
,,,,,147,,
,,,,,137,,
,,,,,-1,,
,,,,,14,,
,,,,,0.0334101,,
,,,,,0.61202,,
,,,,,2.6587,,
,,,,,1.06026,,
,,,,,0.92275,,
,,,,,0.53,,
,,,,,-0.589,,
,,,,,148,,
,,,,,137,,
,,,,,-1,,
,,,,,14,,
,,,,,0.0334101,,
,,,,,0.61202,,
,,,,,2.64777,,
,,,,,1.0439,,
,,,,,1.00128,,
,,,,,0.3333,,
,,,,,0.1963,,
,,,,,149,,
,,,,,137,,
,,,,,-1,,
,,,,,14,,
,,,,,0.0334101,,
,,,,,0.61202,,
,,,,,2.63296,,
,,,,,1.02174,,
,,,,,0.96202,,
,,,,,0.0667,,
,,,,,-0.1963,,
,,,,,150,,
,,,,,137,,
,,,,,-1,,
,,,,,14,,
,,,,,0.0334101,,
,,,,,0.61202,,
,,,,,2.65519,,
,,,,,1.05499,,
,,,,,1.04055,,
,,,,,0.4667,,
,,,,,0.589,,
,,,,,151,,
,,,,,137,,
,,,,,-1,,
,,,,,14,,
,,,,,0.0334101,,
,,,,,0.61202,,
,,,,,2.64407,,
,,,,,1.03836,,
,,,,,0.91293,,
,,,,,0.2667,,
,,,,,-0.6872,,
,,,,,152,,
,,,,,137,,
,,,,,-1,,
,,,,,14,,
,,,,,0.0334101,,
,,,,,0.61202,,
,,,,,2.63415,,
,,,,,1.0236,,
,,,,,1.00129,,
,,,,,0.0444,,
,,,,,0.0982,,
,,,,,153,,
,,,,,137,,
,,,,,-1,,
,,,,,14,,
,,,,,0.0334101,,
,,,,,0.61202,,
,,,,,2.65395,,
,,,,,1.05314,,
,,,,,0.9522,,
,,,,,0.4444,,
,,,,,-0.2945,,
,,,,,154,,
,,,,,137,,
,,,,,-1,,
,,,,,14,,
,,,,,0.0334101,,
,,,,,0.61202,,
,,,,,2.64283,,
,,,,,1.03651,,
,,,,,1.03074,,
,,,,,0.2444,,
,,,,,0.4909,,
,,,,,155,,
,,,,,140,,
,,,,,-1,,
,,,,,14,,
,,,,,0.00891,,
,,,,,0.60536,,
,,,,,2.66048,,
,,,,,0.994023,,
,,,,,0.5399,,
,,,,,0.4,,
,,,,,0,,
,,,,,156,,
,,,,,140,,
,,,,,-1,,
,,,,,14,,
,,,,,0.00891,,
,,,,,0.60536,,
,,,,,2.66087,,
,,,,,0.993341,,
,,,,,0.46136,,
,,,,,0.2,,
,,,,,-0.3927,,
,,,,,157,,
,,,,,140,,
,,,,,-1,,
,,,,,14,,
,,,,,0.00891,,
,,,,,0.60536,,
,,,,,2.64876,,
,,,,,0.987609,,
,,,,,0.61844,,
,,,,,0.1333,,
,,,,,0.3927,,
,,,,,158,,
,,,,,140,,
,,,,,-1,,
,,,,,14,,
,,,,,0.00891,,
,,,,,0.60536,,
,,,,,2.67163,,
,,,,,1.00071,,
,,,,,0.481,,
,,,,,0.53,,
,,,,,-0.589,,
,,,,,159,,
,,,,,140,,
,,,,,-1,,
,,,,,14,,
,,,,,0.00891,,
,,,,,0.60536,,
,,,,,2.65476,,
,,,,,0.990594,,
,,,,,0.55953,,
,,,,,0.3333,,
,,,,,0.1963,,
,,,,,160,,
,,,,,140,,
,,,,,-1,,
,,,,,14,,
,,,,,0.00891,,
,,,,,0.60536,,
,,,,,2.64944,,
,,,,,0.986493,,
,,,,,0.46138,,
,,,,,0.0667,,
,,,,,-0.1963,,
,,,,,161,,
,,,,,140,,
,,,,,-1,,
,,,,,14,,
,,,,,0.00891,,
,,,,,0.60536,,
,,,,,2.6662,,
,,,,,0.997451,,
,,,,,0.5988,,
,,,,,0.4667,,
,,,,,0.589,,
,,,,,162,,
,,,,,140,,
,,,,,-1,,
,,,,,14,,
,,,,,0.00891,,
,,,,,0.60536,,
,,,,,2.64904,,
,,,,,0.987171,,
,,,,,0.47118,,
,,,,,0.2667,,
,,,,,-0.6872,,
,,,,,163,,
,,,,,140,,
,,,,,-1,,
,,,,,14,,
,,,,,5.27321,,
,,,,,0.6098,,
,,,,,2.64498,,
,,,,,0.985243,,
,,,,,0.589,,
,,,,,0.0444,,
,,,,,0.0982,,
,,,,,164,,
,,,,,140,,
,,,,,-1,,
,,,,,14,,
,,,,,0.00891,,
,,,,,0.60536,,
,,,,,2.66429,,
,,,,,0.996305,,
,,,,,0.51045,,
,,,,,0.4444,,
,,,,,-0.2945,,
,,,,,165,,
,,,,,140,,
,,,,,-1,,
,,,,,14,,
,,,,,0.00891,,
,,,,,0.60536,,
,,,,,2.66745,,
,,,,,0.999601,,
,,,,,0.63808,,
,,,,,0.2444,,
,,,,,0.4909,,
,,,,,166,,
,,,,,134,,
,,,,,-1,,
,,,,,14,,
,,,,,0.0222801,,
,,,,,0.59869,,
,,,,,2.65975,,
,,,,,1.00609,,
,,,,,0.68715,,
,,,,,0.4,,
,,,,,0,,
,,,,,167,,
,,,,,134,,
,,,,,-1,,
,,,,,14,,
,,,,,0.0222801,,
,,,,,0.59869,,
,,,,,2.64572,,
,,,,,0.991537,,
,,,,,0.56934,,
,,,,,0.2,,
,,,,,-0.3927,,
,,,,,168,,
,,,,,134,,
,,,,,-1,,
,,,,,14,,
,,,,,0.0222801,,
,,,,,0.59869,,
,,,,,2.64588,,
,,,,,1.00147,,
,,,,,0.8835,,
,,,,,0.1333,,
,,,,,0.3927,,
,,,,,169,,
,,,,,134,,
,,,,,-1,,
,,,,,14,,
,,,,,0.0222801,,
,,,,,0.59869,,
,,,,,2.68176,,
,,,,,1.02012,,
,,,,,0.56935,,
,,,,,0.53,,
,,,,,-0.589,,
,,,,,170,,
,,,,,134,,
,,,,,-1,,
,,,,,14,,
,,,,,0.0222801,,
,,,,,0.59869,,
,,,,,2.64902,,
,,,,,0.998132,,
,,,,,0.72641,,
,,,,,0.3333,,
,,,,,0.1963,,
,,,,,171,,
,,,,,134,,
,,,,,-1,,
,,,,,14,,
,,,,,5.30096,,
,,,,,0.60536,,
,,,,,2.62449,,
,,,,,0.975465,,
,,,,,0.589,,
,,,,,0.0667,,
,,,,,-0.1963,,
,,,,,172,,
,,,,,134,,
,,,,,-1,,
,,,,,14,,
,,,,,0.0222801,,
,,,,,0.59869,,
,,,,,2.66826,,
,,,,,1.01663,,
,,,,,0.80495,,
,,,,,0.4667,,
,,,,,0.589,,
,,,,,173,,
,,,,,134,,
,,,,,-1,,
,,,,,14,,
,,,,,0.0222801,,
,,,,,0.59869,,
,,,,,2.663,,
,,,,,1.00166,,
,,,,,0.48099,,
,,,,,0.2667,,
,,,,,-0.6872,,
,,,,,406,,
,,,,,132,,
,,,,,177,,
,,,,,13,,
,,,,,5.29547,,
,,,,,0.6009,,
,,,,,2.60462,,
,,,,,0.965125,,
,,,,,0.6872,,
,,,,,0.4444,,
,,,,,-0.2945,,
,,,,,175,,
,,,,,134,,
,,,,,-1,,
,,,,,14,,
,,,,,0.0222801,,
,,,,,0.59869,,
,,,,,2.66743,,
,,,,,1.0107,,
,,,,,0.62825,,
,,,,,0.4444,,
,,,,,-0.2945,,
,,,,,176,,
,,,,,134,,
,,,,,-1,,
,,,,,14,,
,,,,,0.0222801,,
,,,,,0.59869,,
,,,,,2.65219,,
,,,,,1.00454,,
,,,,,0.83442,,
,,,,,0.2444,,
,,,,,0.4909,,
,,,,,177,,
,,,,,174,,
,,,,,-1,,
,,,,,15,,
,,,,,0.0289602,,
,,,,,0.60313,,
,,,,,2.64443,,
,,,,,0.996621,,
,,,,,0.73625,,
,,,,,0.4,,
,,,,,0,,
,,,,,178,,
,,,,,174,,
,,,,,-1,,
,,,,,15,,
,,,,,0.0289602,,
,,,,,0.60313,,
,,,,,2.64494,,
,,,,,0.996029,,
,,,,,0.65771,,
,,,,,0.2,,
,,,,,-0.3927,,
,,,,,179,,
,,,,,174,,
,,,,,-1,,
,,,,,15,,
,,,,,0.0289602,,
,,,,,0.60313,,
,,,,,2.64333,,
,,,,,0.997743,,
,,,,,0.85406,,
,,,,,0.1333,,
,,,,,0.3927,,
,,,,,180,,
,,,,,174,,
,,,,,-1,,
,,,,,15,,
,,,,,0.0289602,,
,,,,,0.60313,,
,,,,,2.65406,,
,,,,,1.00535,,
,,,,,0.67735,,
,,,,,0.53,,
,,,,,-0.589,,
,,,,,181,,
,,,,,174,,
,,,,,-1,,
,,,,,15,,
,,,,,0.0289602,,
,,,,,0.60313,,
,,,,,2.66374,,
,,,,,1.015,,
,,,,,0.77551,,
,,,,,0.3333,,
,,,,,0.1963,,
,,,,,182,,
,,,,,174,,
,,,,,-1,,
,,,,,15,,
,,,,,5.29051,,
,,,,,0.6098,,
,,,,,2.64035,,
,,,,,0.99116,,
,,,,,0.638099,,
,,,,,0.0667,,
,,,,,-0.1963,,
,,,,,183,,
,,,,,174,,
,,,,,-1,,
,,,,,15,,
,,,,,0.0289602,,
,,,,,0.60313,,
,,,,,2.64937,,
,,,,,1.0011,,
,,,,,0.79515,,
,,,,,0.4667,,
,,,,,0.589,,
,,,,,184,,
,,,,,174,,
,,,,,-1,,
,,,,,15,,
,,,,,0.0289602,,
,,,,,0.60313,,
,,,,,2.6555,,
,,,,,1.00418,,
,,,,,0.59881,,
,,,,,0.2667,,
,,,,,-0.6872,,
,,,,,185,,
,,,,,174,,
,,,,,-1,,
,,,,,15,,
,,,,,5.29837,,
,,,,,0.60757,,
,,,,,2.63094,,
,,,,,0.984987,,
,,,,,0.785349,,
,,,,,0.0444,,
,,,,,0.0982,,
,,,,,186,,
,,,,,174,,
,,,,,-1,,
,,,,,15,,
,,,,,0.0289602,,
,,,,,0.60313,,
,,,,,2.64772,,
,,,,,0.999603,,
,,,,,0.7068,,
,,,,,0.4444,,
,,,,,-0.2945,,
,,,,,187,,
,,,,,174,,
,,,,,-1,,
,,,,,15,,
,,,,,0.0289602,,
,,,,,0.60313,,
,,,,,2.65018,,
,,,,,1.00345,,
,,,,,0.83443,,
,,,,,0.2444,,
,,,,,0.4909,,
,,,,,188,,
,,,,,138,,
,,,,,-1,,
,,,,,14,,
,,,,,0.00891,,
,,,,,0.58536,,
,,,,,2.66399,,
,,,,,1.02143,,
,,,,,0.785349,,
,,,,,0.4,,
,,,,,0,,
,,,,,189,,
,,,,,138,,
,,,,,-1,,
,,,,,14,,
,,,,,5.28844,,
,,,,,0.60536,,
,,,,,2.62677,,
,,,,,0.973136,,
,,,,,0.589,,
,,,,,0.2,,
,,,,,-0.3927,,
,,,,,190,,
,,,,,138,,
,,,,,-1,,
,,,,,14,,
,,,,,5.31069,,
,,,,,0.59869,,
,,,,,2.59407,,
,,,,,0.958896,,
,,,,,0.981699,,
,,,,,0.1333,,
,,,,,0.3927,,
,,,,,191,,
,,,,,138,,
,,,,,-1,,
,,,,,14,,
,,,,,0.00891,,
,,,,,0.58536,,
,,,,,2.66957,,
,,,,,1.01378,,
,,,,,0.608649,,
,,,,,0.53,,
,,,,,-0.589,,
,,,,,192,,
,,,,,138,,
,,,,,-1,,
,,,,,14,,
,,,,,0.00891,,
,,,,,0.58536,,
,,,,,2.64228,,
,,,,,1.00527,,
,,,,,0.86387,,
,,,,,0.3333,,
,,,,,0.1963,,
,,,,,193,,
,,,,,138,,
,,,,,-1,,
,,,,,14,,
,,,,,5.33765,,
,,,,,0.59203,,
,,,,,2.57533,,
,,,,,0.930923,,
,,,,,0.687199,,
,,,,,0.0667,,
,,,,,-0.1963,,
,,,,,194,,
,,,,,138,,
,,,,,-1,,
,,,,,14,,
,,,,,0.00891,,
,,,,,0.58536,,
,,,,,2.64375,,
,,,,,1.01283,,
,,,,,0.962049,,
,,,,,0.4667,,
,,,,,0.589,,
,,,,,195,,
,,,,,138,,
,,,,,-1,,
,,,,,14,,
,,,,,0.00891,,
,,,,,0.58536,,
,,,,,2.65667,,
,,,,,0.988395,,
,,,,,0.44175,,
,,,,,0.2667,,
,,,,,-0.6872,,
,,,,,196,,
,,,,,138,,
,,,,,-1,,
,,,,,14,,
,,,,,5.34577,,
,,,,,0.5898,,
,,,,,2.56623,,
,,,,,0.924295,,
,,,,,0.834449,,
,,,,,0.0444,,
,,,,,0.0982,,
,,,,,197,,
,,,,,138,,
,,,,,-1,,
,,,,,14,,
,,,,,0.00891,,
,,,,,0.58536,,
,,,,,2.64783,,
,,,,,0.999718,,
,,,,,0.696999,,
,,,,,0.4444,,
,,,,,-0.2945,,
,,,,,137,,
,,,,,128,,
,,,,,144,,
,,,,,13,,
,,,,,5.25679,,
,,,,,0.61202,,
,,,,,2.62925,,
,,,,,1.01619,,
,,,,,0.98165,,
,,,,,0.3333,,
,,,,,0.1963,,
,,,,,199,,
,,,,,141,,
,,,,,-1,,
,,,,,14,,
,,,,,0.01114,,
,,,,,0.58313,,
,,,,,2.63776,,
,,,,,1.02932,,
,,,,,0.932599,,
,,,,,0.4,,
,,,,,0,,
,,,,,200,,
,,,,,141,,
,,,,,-1,,
,,,,,14,,
,,,,,5.29544,,
,,,,,0.60313,,
,,,,,2.60804,,
,,,,,0.976087,,
,,,,,0.73625,,
,,,,,0.2,,
,,,,,-0.3927,,
,,,,,134,,
,,,,,128,,
,,,,,166,,
,,,,,13,,
,,,,,5.31401,,
,,,,,0.59869,,
,,,,,2.59791,,
,,,,,0.955346,,
,,,,,0.68715,,
,,,,,0.2,,
,,,,,-0.3927,,
,,,,,202,,
,,,,,141,,
,,,,,-1,,
,,,,,14,,
,,,,,0.01114,,
,,,,,0.58313,,
,,,,,2.6444,,
,,,,,1.02257,,
,,,,,0.755899,,
,,,,,0.53,,
,,,,,-0.589,,
,,,,,203,,
,,,,,141,,
,,,,,-1,,
,,,,,14,,
,,,,,0.01114,,
,,,,,0.58313,,
,,,,,2.63636,,
,,,,,1.0384,,
,,,,,1.03075,,
,,,,,0.3333,,
,,,,,0.1963,,
,,,,,204,,
,,,,,141,,
,,,,,-1,,
,,,,,14,,
,,,,,5.34735,,
,,,,,0.5898,,
,,,,,2.56334,,
,,,,,0.926783,,
,,,,,0.834449,,
,,,,,0.0667,,
,,,,,-0.1963,,
,,,,,205,,
,,,,,141,,
,,,,,-1,,
,,,,,14,,
,,,,,0.01114,,
,,,,,0.58313,,
,,,,,2.63978,,
,,,,,1.05963,,
,,,,,1.1682,,
,,,,,0.4667,,
,,,,,0.589,,
,,,,,206,,
,,,,,141,,
,,,,,-1,,
,,,,,14,,
,,,,,5.27142,,
,,,,,0.6098,,
,,,,,2.63537,,
,,,,,0.995567,,
,,,,,0.589,,
,,,,,0.2667,,
,,,,,-0.6872,,
,,,,,207,,
,,,,,141,,
,,,,,-1,,
,,,,,14,,
,,,,,5.35601,,
,,,,,0.58757,,
,,,,,2.55532,,
,,,,,0.918893,,
,,,,,0.981699,,
,,,,,0.0444,,
,,,,,0.0982,,
,,,,,208,,
,,,,,141,,
,,,,,-1,,
,,,,,14,,
,,,,,0.01114,,
,,,,,0.58313,,
,,,,,2.65448,,
,,,,,1.03869,,
,,,,,0.814799,,
,,,,,0.4444,,
,,,,,-0.2945,,
,,,,,198,,
,,,,,138,,
,,,,,144,,
,,,,,14,,
,,,,,5.26909,,
,,,,,0.6098,,
,,,,,2.62819,,
,,,,,1.00253,,
,,,,,1.0308,,
,,,,,0.2444,,
,,,,,0.4909,,
,,,,,210,,
,,,,,125,,
,,,,,-1,,
,,,,,13,,
,,,,,0.01301,,
,,,,,0.58502,,
,,,,,2.74028,,
,,,,,0.898686,,
,,,,,0.2945,,
,,,,,0.4,,
,,,,,0,,
,,,,,256,,
,,,,,218,,
,,,,,232,,
,,,,,14,,
,,,,,5.34397,,
,,,,,0.60279,,
,,,,,2.66898,,
,,,,,0.886369,,
,,,,,0.53995,,
,,,,,0.1333,,
,,,,,0.3927,,
,,,,,218,,
,,,,,125,,
,,,,,254,,
,,,,,13,,
,,,,,5.38445,,
,,,,,0.58946,,
,,,,,2.60828,,
,,,,,0.859104,,
,,,,,0.3436,,
,,,,,0.0444,,
,,,,,0.0982,,
,,,,,213,,
,,,,,125,,
,,,,,-1,,
,,,,,13,,
,,,,,0.01301,,
,,,,,0.58502,,
,,,,,2.7416,,
,,,,,0.889316,,
,,,,,0.1178,,
,,,,,0.53,,
,,,,,-0.589,,
,,,,,214,,
,,,,,125,,
,,,,,-1,,
,,,,,13,,
,,,,,0.01301,,
,,,,,0.58502,,
,,,,,2.71352,,
,,,,,0.894671,,
,,,,,0.37302,,
,,,,,0.3333,,
,,,,,0.1963,,
,,,,,212,,
,,,,,125,,
,,,,,-1,,
,,,,,13,,
,,,,,5.35792,,
,,,,,0.59835,,
,,,,,2.64914,,
,,,,,0.876498,,
,,,,,0.490849,,
,,,,,0.1333,,
,,,,,0.3927,,
,,,,,216,,
,,,,,125,,
,,,,,-1,,
,,,,,13,,
,,,,,0.01301,,
,,,,,0.58502,,
,,,,,2.71837,,
,,,,,0.900645,,
,,,,,0.4712,,
,,,,,0.4667,,
,,,,,0.589,,
,,,,,217,,
,,,,,125,,
,,,,,221,,
,,,,,13,,
,,,,,5.34047,,
,,,,,0.61169,,
,,,,,2.71826,,
,,,,,0.873004,,
,,,,,6.23408,,
,,,,,0.2667,,
,,,,,-0.6872,,
,,,,,215,,
,,,,,125,,
,,,,,-1,,
,,,,,13,,
,,,,,5.37977,,
,,,,,0.59169,,
,,,,,2.61943,,
,,,,,0.860661,,
,,,,,0.19635,,
,,,,,0.0667,,
,,,,,-0.1963,,
,,,,,219,,
,,,,,125,,
,,,,,-1,,
,,,,,13,,
,,,,,0.01301,,
,,,,,0.58502,,
,,,,,2.7158,,
,,,,,0.887159,,
,,,,,0.20615,,
,,,,,0.4444,,
,,,,,-0.2945,,
,,,,,220,,
,,,,,125,,
,,,,,-1,,
,,,,,13,,
,,,,,5.3246,,
,,,,,0.60946,,
,,,,,2.6998,,
,,,,,0.898894,,
,,,,,0.53995,,
,,,,,0.2444,,
,,,,,0.4909,,
,,,,,221,,
,,,,,217,,
,,,,,-1,,
,,,,,14,,
,,,,,0.01301,,
,,,,,0.61169,,
,,,,,2.75821,,
,,,,,0.871041,,
,,,,,6.23408,,
,,,,,0.4,,
,,,,,0,,
,,,,,222,,
,,,,,217,,
,,,,,-1,,
,,,,,14,,
,,,,,0.01301,,
,,,,,0.61169,,
,,,,,2.73823,,
,,,,,0.872023,,
,,,,,6.19481,,
,,,,,0.2,,
,,,,,-0.3927,,
,,,,,223,,
,,,,,217,,
,,,,,-1,,
,,,,,14,,
,,,,,0.01301,,
,,,,,0.61169,,
,,,,,2.73157,,
,,,,,0.87235,,
,,,,,6.27335,,
,,,,,0.1333,,
,,,,,0.3927,,
,,,,,224,,
,,,,,217,,
,,,,,-1,,
,,,,,14,,
,,,,,0.01301,,
,,,,,0.61169,,
,,,,,2.77119,,
,,,,,0.870403,,
,,,,,6.17518,,
,,,,,0.53,,
,,,,,-0.589,,
,,,,,225,,
,,,,,217,,
,,,,,-1,,
,,,,,14,,
,,,,,0.01301,,
,,,,,0.61169,,
,,,,,2.75155,,
,,,,,0.871368,,
,,,,,6.25371,,
,,,,,0.3333,,
,,,,,0.1963,,
,,,,,226,,
,,,,,217,,
,,,,,-1,,
,,,,,14,,
,,,,,0.01301,,
,,,,,0.61169,,
,,,,,2.72492,,
,,,,,0.872677,,
,,,,,6.21445,,
,,,,,0.0667,,
,,,,,-0.1963,,
,,,,,227,,
,,,,,217,,
,,,,,-1,,
,,,,,14,,
,,,,,0.01301,,
,,,,,0.61169,,
,,,,,2.76487,,
,,,,,0.870714,,
,,,,,0.00979918,,
,,,,,0.4667,,
,,,,,0.589,,
,,,,,228,,
,,,,,217,,
,,,,,-1,,
,,,,,14,,
,,,,,0.01301,,
,,,,,0.61169,,
,,,,,2.74489,,
,,,,,0.871695,,
,,,,,6.16536,,
,,,,,0.2667,,
,,,,,-0.6872,,
,,,,,229,,
,,,,,217,,
,,,,,-1,,
,,,,,14,,
,,,,,0.01301,,
,,,,,0.61169,,
,,,,,2.72269,,
,,,,,0.872786,,
,,,,,6.2439,,
,,,,,0.0444,,
,,,,,0.0982,,
,,,,,230,,
,,,,,217,,
,,,,,-1,,
,,,,,14,,
,,,,,0.01301,,
,,,,,0.61169,,
,,,,,2.76264,,
,,,,,0.870823,,
,,,,,6.20463,,
,,,,,0.4444,,
,,,,,-0.2945,,
,,,,,231,,
,,,,,217,,
,,,,,-1,,
,,,,,14,,
,,,,,0.01301,,
,,,,,0.61169,,
,,,,,2.74267,,
,,,,,0.871805,,
,,,,,6.28317,,
,,,,,0.2444,,
,,,,,0.4909,,
,,,,,232,,
,,,,,211,,
,,,,,-1,,
,,,,,14,,
,,,,,0.0282499,,
,,,,,0.60502,,
,,,,,2.7245,,
,,,,,0.87756,,
,,,,,0.0981496,,
,,,,,0.4,,
,,,,,0,,
,,,,,233,,
,,,,,211,,
,,,,,-1,,
,,,,,14,,
,,,,,0.0282499,,
,,,,,0.60502,,
,,,,,2.72456,,
,,,,,0.876777,,
,,,,,0.0196096,,
,,,,,0.2,,
,,,,,-0.3927,,
,,,,,234,,
,,,,,211,,
,,,,,-1,,
,,,,,14,,
,,,,,0.0282499,,
,,,,,0.60502,,
,,,,,2.72429,,
,,,,,0.879115,,
,,,,,0.21596,,
,,,,,0.1333,,
,,,,,0.3927,,
,,,,,235,,
,,,,,211,,
,,,,,-1,,
,,,,,14,,
,,,,,0.0282499,,
,,,,,0.60502,,
,,,,,2.73744,,
,,,,,0.878834,,
,,,,,0.0392496,,
,,,,,0.53,,
,,,,,-0.589,,
,,,,,236,,
,,,,,211,,
,,,,,-1,,
,,,,,14,,
,,,,,0.0282499,,
,,,,,0.60502,,
,,,,,2.75096,,
,,,,,0.880823,,
,,,,,0.13741,,
,,,,,0.3333,,
,,,,,0.1963,,
,,,,,237,,
,,,,,211,,
,,,,,-1,,
,,,,,14,,
,,,,,5.35357,,
,,,,,0.61169,,
,,,,,2.71797,,
,,,,,0.875602,,
,,,,,6.28319,,
,,,,,0.0667,,
,,,,,-0.1963,,
,,,,,238,,
,,,,,211,,
,,,,,-1,,
,,,,,14,,
,,,,,0.0282499,,
,,,,,0.60502,,
,,,,,2.73114,,
,,,,,0.878213,,
,,,,,0.15705,,
,,,,,0.4667,,
,,,,,0.589,,
,,,,,239,,
,,,,,211,,
,,,,,-1,,
,,,,,14,,
,,,,,0.0282499,,
,,,,,0.60502,,
,,,,,2.7379,,
,,,,,0.877038,,
,,,,,6.2439,,
,,,,,0.2667,,
,,,,,-0.6872,,
,,,,,240,,
,,,,,211,,
,,,,,243,,
,,,,,14,,
,,,,,5.35622,,
,,,,,0.60946,,
,,,,,2.70674,,
,,,,,0.876249,,
,,,,,0.14725,,
,,,,,0.0444,,
,,,,,0.0982,,
,,,,,241,,
,,,,,211,,
,,,,,-1,,
,,,,,14,,
,,,,,0.0282499,,
,,,,,0.60502,,
,,,,,2.72892,,
,,,,,0.877995,,
,,,,,0.0686996,,
,,,,,0.4444,,
,,,,,-0.2945,,
,,,,,242,,
,,,,,211,,
,,,,,-1,,
,,,,,14,,
,,,,,0.0282499,,
,,,,,0.60502,,
,,,,,2.73319,,
,,,,,0.87962,,
,,,,,0.19633,,
,,,,,0.2444,,
,,,,,0.4909,,
,,,,,243,,
,,,,,240,,
,,,,,-1,,
,,,,,15,,
,,,,,0.0282499,,
,,,,,0.60946,,
,,,,,2.74631,,
,,,,,0.882117,,
,,,,,0.14725,,
,,,,,0.4,,
,,,,,0,,
,,,,,244,,
,,,,,240,,
,,,,,-1,,
,,,,,15,,
,,,,,0.0282499,,
,,,,,0.60946,,
,,,,,2.72652,,
,,,,,0.879183,,
,,,,,0.10798,,
,,,,,0.2,,
,,,,,-0.3927,,
,,,,,245,,
,,,,,240,,
,,,,,-1,,
,,,,,15,,
,,,,,0.0282499,,
,,,,,0.60946,,
,,,,,2.71992,,
,,,,,0.878204,,
,,,,,0.18652,,
,,,,,0.1333,,
,,,,,0.3927,,
,,,,,246,,
,,,,,240,,
,,,,,-1,,
,,,,,15,,
,,,,,0.0282499,,
,,,,,0.60946,,
,,,,,2.75917,,
,,,,,0.884025,,
,,,,,0.0883496,,
,,,,,0.53,,
,,,,,-0.589,,
,,,,,247,,
,,,,,240,,
,,,,,-1,,
,,,,,15,,
,,,,,0.0282499,,
,,,,,0.60946,,
,,,,,2.73971,,
,,,,,0.881139,,
,,,,,0.16688,,
,,,,,0.3333,,
,,,,,0.1963,,
,,,,,248,,
,,,,,240,,
,,,,,-1,,
,,,,,15,,
,,,,,0.0282499,,
,,,,,0.60946,,
,,,,,2.71995,,
,,,,,0.878076,,
,,,,,0.10799,,
,,,,,0.0667,,
,,,,,-0.1963,,
,,,,,249,,
,,,,,240,,
,,,,,-1,,
,,,,,15,,
,,,,,0.0282499,,
,,,,,0.60946,,
,,,,,2.7529,,
,,,,,0.883096,,
,,,,,0.20615,,
,,,,,0.4667,,
,,,,,0.589,,
,,,,,250,,
,,,,,240,,
,,,,,-1,,
,,,,,15,,
,,,,,0.0282499,,
,,,,,0.60946,,
,,,,,2.73312,,
,,,,,0.880162,,
,,,,,0.0785296,,
,,,,,0.2667,,
,,,,,-0.6872,,
,,,,,251,,
,,,,,240,,
,,,,,-1,,
,,,,,15,,
,,,,,0.0282499,,
,,,,,0.60946,,
,,,,,2.71989,,
,,,,,0.878332,,
,,,,,0.17671,,
,,,,,0.0444,,
,,,,,0.0982,,
,,,,,252,,
,,,,,240,,
,,,,,-1,,
,,,,,15,,
,,,,,0.0282499,,
,,,,,0.60946,,
,,,,,2.7507,,
,,,,,0.882769,,
,,,,,0.1178,,
,,,,,0.4444,,
,,,,,-0.2945,,
,,,,,253,,
,,,,,240,,
,,,,,-1,,
,,,,,15,,
,,,,,0.0282499,,
,,,,,0.60946,,
,,,,,2.73091,,
,,,,,0.879834,,
,,,,,0.19634,,
,,,,,0.2444,,
,,,,,0.4909,,
,,,,,254,,
,,,,,218,,
,,,,,-1,,
,,,,,14,,
,,,,,0.01301,,
,,,,,0.58946,,
,,,,,2.72127,,
,,,,,0.899529,,
,,,,,0.3436,,
,,,,,0.4,,
,,,,,0,,
,,,,,255,,
,,,,,218,,
,,,,,-1,,
,,,,,14,,
,,,,,5.33413,,
,,,,,0.60946,,
,,,,,2.70464,,
,,,,,0.88526,,
,,,,,0.14725,,
,,,,,0.2,,
,,,,,-0.3927,,
,,,,,211,,
,,,,,125,,
,,,,,232,,
,,,,,13,,
,,,,,5.34957,,
,,,,,0.60502,,
,,,,,2.6847,,
,,,,,0.87364,,
,,,,,0.0981496,,
,,,,,0.2,,
,,,,,-0.3927,,
,,,,,257,,
,,,,,218,,
,,,,,-1,,
,,,,,14,,
,,,,,0.01301,,
,,,,,0.58946,,
,,,,,2.70905,,
,,,,,0.891844,,
,,,,,0.2258,,
,,,,,0.53,,
,,,,,-0.589,,
,,,,,258,,
,,,,,218,,
,,,,,-1,,
,,,,,14,,
,,,,,0.01301,,
,,,,,0.58946,,
,,,,,2.7324,,
,,,,,0.907681,,
,,,,,0.42212,,
,,,,,0.3333,,
,,,,,0.1963,,
,,,,,259,,
,,,,,218,,
,,,,,-1,,
,,,,,14,,
,,,,,5.36662,,
,,,,,0.59613,,
,,,,,2.64008,,
,,,,,0.869094,,
,,,,,0.24545,,
,,,,,0.0667,,
,,,,,-0.1963,,
,,,,,260,,
,,,,,218,,
,,,,,-1,,
,,,,,14,,
,,,,,0.01301,,
,,,,,0.58946,,
,,,,,2.73695,,
,,,,,0.913885,,
,,,,,0.5203,,
,,,,,0.4667,,
,,,,,0.589,,
,,,,,261,,
,,,,,218,,
,,,,,-1,,
,,,,,14,,
,,,,,0.01301,,
,,,,,0.58946,,
,,,,,2.73819,,
,,,,,0.886272,,
,,,,,6.28319,,
,,,,,0.2667,,
,,,,,-0.6872,,
,,,,,262,,
,,,,,218,,
,,,,,-1,,
,,,,,14,,
,,,,,5.37171,,
,,,,,0.5939,,
,,,,,2.62903,,
,,,,,0.866991,,
,,,,,0.3927,,
,,,,,0.0444,,
,,,,,0.0982,,
,,,,,263,,
,,,,,218,,
,,,,,-1,,
,,,,,14,,
,,,,,0.01301,,
,,,,,0.58946,,
,,,,,2.73504,,
,,,,,0.900289,,
,,,,,0.25525,,
,,,,,0.4444,,
,,,,,-0.2945,,
,,,,,264,,
,,,,,218,,
,,,,,-1,,
,,,,,14,,
,,,,,0.01301,,
,,,,,0.58946,,
,,,,,2.71848,,
,,,,,0.911224,,
,,,,,0.58905,,
,,,,,0.2444,,
,,,,,0.4909,,
,,,,,265,,
,,,,,122,,
,,,,,-1,,
,,,,,13,,
,,,,,0,,
,,,,,0.57202,,
,,,,,2.68446,,
,,,,,0.954575,,
,,,,,0.589,,
,,,,,0.4,,
,,,,,0,,
,,,,,266,,
,,,,,122,,
,,,,,-1,,
,,,,,13,,
,,,,,5.34684,,
,,,,,0.59202,,
,,,,,2.60528,,
,,,,,0.892252,,
,,,,,0.39265,,
,,,,,0.2,,
,,,,,-0.3927,,
,,,,,267,,
,,,,,122,,
,,,,,331,,
,,,,,13,,
,,,,,5.36435,,
,,,,,0.58535,,
,,,,,2.57043,,
,,,,,0.884665,,
,,,,,0.785349,,
,,,,,0.1333,,
,,,,,0.3927,,
,,,,,268,,
,,,,,122,,
,,,,,-1,,
,,,,,13,,
,,,,,0,,
,,,,,0.57202,,
,,,,,2.70374,,
,,,,,0.945008,,
,,,,,0.3534,,
,,,,,0.53,,
,,,,,-0.589,,
,,,,,355,,
,,,,,344,,
,,,,,276,,
,,,,,15,,
,,,,,5.29361,,
,,,,,0.60535,,
,,,,,2.65061,,
,,,,,0.942885,,
,,,,,0.883549,,
,,,,,0.1333,,
,,,,,0.3927,,
,,,,,369,,
,,,,,126,,
,,,,,342,,
,,,,,13,,
,,,,,5.40972,,
,,,,,0.57202,,
,,,,,2.51322,,
,,,,,0.850391,,
,,,,,0.589,,
,,,,,0.0667,,
,,,,,-0.1963,,
,,,,,271,,
,,,,,122,,
,,,,,-1,,
,,,,,13,,
,,,,,0,,
,,,,,0.57202,,
,,,,,2.66332,,
,,,,,0.960213,,
,,,,,0.8246,,
,,,,,0.4667,,
,,,,,0.589,,
,,,,,394,,
,,,,,376,,
,,,,,309,,
,,,,,15,,
,,,,,5.32923,,
,,,,,0.59423,,
,,,,,2.60135,,
,,,,,0.917506,,
,,,,,0.589,,
,,,,,0.0444,,
,,,,,0.0982,,
,,,,,128,,
,,,,,114,,
,,,,,133,,
,,,,,12,,
,,,,,5.38014,,
,,,,,0.57869,,
,,,,,2.5287,,
,,,,,0.883376,,
,,,,,0.8835,,
,,,,,0.4667,,
,,,,,0.589,,
,,,,,274,,
,,,,,122,,
,,,,,-1,,
,,,,,13,,
,,,,,0,,
,,,,,0.57202,,
,,,,,2.7097,,
,,,,,0.95572,,
,,,,,0.44175,,
,,,,,0.4444,,
,,,,,-0.2945,,
,,,,,275,,
,,,,,122,,
,,,,,287,,
,,,,,13,,
,,,,,5.32303,,
,,,,,0.59646,,
,,,,,2.6124,,
,,,,,0.920801,,
,,,,,0.83445,,
,,,,,0.2444,,
,,,,,0.4909,,
,,,,,276,,
,,,,,269,,
,,,,,-1,,
,,,,,14,,
,,,,,0.0111201,,
,,,,,0.60535,,
,,,,,2.68386,,
,,,,,0.966751,,
,,,,,0.68715,,
,,,,,0.4,,
,,,,,0,,
,,,,,277,,
,,,,,269,,
,,,,,-1,,
,,,,,14,,
,,,,,0.0111201,,
,,,,,0.60535,,
,,,,,2.6684,,
,,,,,0.954065,,
,,,,,0.64788,,
,,,,,0.2,,
,,,,,-0.3927,,
,,,,,278,,
,,,,,269,,
,,,,,-1,,
,,,,,14,,
,,,,,0.0111201,,
,,,,,0.60535,,
,,,,,2.67321,,
,,,,,0.958687,,
,,,,,0.76569,,
,,,,,0.1333,,
,,,,,0.3927,,
,,,,,279,,
,,,,,269,,
,,,,,-1,,
,,,,,14,,
,,,,,0.0111201,,
,,,,,0.60535,,
,,,,,2.69391,,
,,,,,0.974998,,
,,,,,0.62825,,
,,,,,0.53,,
,,,,,-0.589,,
,,,,,280,,
,,,,,269,,
,,,,,-1,,
,,,,,14,,
,,,,,0.0111201,,
,,,,,0.60535,,
,,,,,2.67871,,
,,,,,0.96252,,
,,,,,0.70678,,
,,,,,0.3333,,
,,,,,0.1963,,
,,,,,281,,
,,,,,269,,
,,,,,-1,,
,,,,,14,,
,,,,,0.0111201,,
,,,,,0.60535,,
,,,,,2.66865,,
,,,,,0.953763,,
,,,,,0.62826,,
,,,,,0.0667,,
,,,,,-0.1963,,
,,,,,282,,
,,,,,269,,
,,,,,-1,,
,,,,,14,,
,,,,,0.0111201,,
,,,,,0.60535,,
,,,,,2.68902,,
,,,,,0.970982,,
,,,,,0.74605,,
,,,,,0.4667,,
,,,,,0.589,,
,,,,,283,,
,,,,,269,,
,,,,,-1,,
,,,,,14,,
,,,,,0.0111201,,
,,,,,0.60535,,
,,,,,2.67356,,
,,,,,0.958296,,
,,,,,0.61843,,
,,,,,0.2667,,
,,,,,-0.6872,,
,,,,,284,,
,,,,,269,,
,,,,,-1,,
,,,,,14,,
,,,,,0.0111201,,
,,,,,0.60535,,
,,,,,2.6665,,
,,,,,0.952844,,
,,,,,0.72643,,
,,,,,0.0444,,
,,,,,0.0982,,
,,,,,285,,
,,,,,269,,
,,,,,-1,,
,,,,,14,,
,,,,,0.0111201,,
,,,,,0.60535,,
,,,,,2.6873,,
,,,,,0.969568,,
,,,,,0.6577,,
,,,,,0.4444,,
,,,,,-0.2945,,
,,,,,286,,
,,,,,269,,
,,,,,-1,,
,,,,,14,,
,,,,,0.0111201,,
,,,,,0.60535,,
,,,,,2.67183,,
,,,,,0.956881,,
,,,,,0.73624,,
,,,,,0.2444,,
,,,,,0.4909,,
,,,,,287,,
,,,,,275,,
,,,,,-1,,
,,,,,14,,
,,,,,0,,
,,,,,0.59646,,
,,,,,2.66613,,
,,,,,0.980075,,
,,,,,0.83445,,
,,,,,0.4,,
,,,,,0,,
,,,,,288,,
,,,,,275,,
,,,,,-1,,
,,,,,14,,
,,,,,0,,
,,,,,0.59646,,
,,,,,2.66947,,
,,,,,0.976755,,
,,,,,0.67737,,
,,,,,0.2,,
,,,,,-0.3927,,
,,,,,289,,
,,,,,275,,
,,,,,298,,
,,,,,14,,
,,,,,5.27037,,
,,,,,0.60979,,
,,,,,2.65309,,
,,,,,0.973462,,
,,,,,1.0308,,
,,,,,0.1333,,
,,,,,0.3927,,
,,,,,290,,
,,,,,275,,
,,,,,-1,,
,,,,,14,,
,,,,,0,,
,,,,,0.59646,,
,,,,,2.68584,,
,,,,,0.997176,,
,,,,,0.71665,,
,,,,,0.53,,
,,,,,-0.589,,
,,,,,291,,
,,,,,275,,
,,,,,-1,,
,,,,,14,,
,,,,,0,,
,,,,,0.59646,,
,,,,,2.65668,,
,,,,,0.970626,,
,,,,,0.87371,,
,,,,,0.3333,,
,,,,,0.1963,,
,,,,,292,,
,,,,,275,,
,,,,,-1,,
,,,,,14,,
,,,,,5.29738,,
,,,,,0.60313,,
,,,,,2.63574,,
,,,,,0.944604,,
,,,,,0.7363,,
,,,,,0.0667,,
,,,,,-0.1963,,
,,,,,293,,
,,,,,275,,
,,,,,-1,,
,,,,,14,,
,,,,,0,,
,,,,,0.59646,,
,,,,,2.673,,
,,,,,0.991744,,
,,,,,0.95225,,
,,,,,0.4667,,
,,,,,0.589,,
,,,,,294,,
,,,,,275,,
,,,,,-1,,
,,,,,14,,
,,,,,0,,
,,,,,0.59646,,
,,,,,2.66999,,
,,,,,0.976166,,
,,,,,0.62829,,
,,,,,0.2667,,
,,,,,-0.6872,,
,,,,,295,,
,,,,,275,,
,,,,,-1,,
,,,,,14,,
,,,,,5.30566,,
,,,,,0.6009,,
,,,,,2.62698,,
,,,,,0.937538,,
,,,,,0.88355,,
,,,,,0.0444,,
,,,,,0.0982,,
,,,,,296,,
,,,,,275,,
,,,,,-1,,
,,,,,14,,
,,,,,0,,
,,,,,0.59646,,
,,,,,2.67305,,
,,,,,0.985762,,
,,,,,0.77555,,
,,,,,0.4444,,
,,,,,-0.2945,,
,,,,,297,,
,,,,,275,,
,,,,,-1,,
,,,,,14,,
,,,,,0,,
,,,,,0.59646,,
,,,,,2.65888,,
,,,,,0.977431,,
,,,,,0.98172,,
,,,,,0.2444,,
,,,,,0.4909,,
,,,,,298,,
,,,,,289,,
,,,,,-1,,
,,,,,15,,
,,,,,0,,
,,,,,0.60979,,
,,,,,2.67365,,
,,,,,1.00777,,
,,,,,1.0308,,
,,,,,0.4,,
,,,,,0,,
,,,,,299,,
,,,,,289,,
,,,,,-1,,
,,,,,15,,
,,,,,0,,
,,,,,0.60979,,
,,,,,2.66337,,
,,,,,0.990616,,
,,,,,0.99153,,
,,,,,0.2,,
,,,,,-0.3927,,
,,,,,300,,
,,,,,289,,
,,,,,-1,,
,,,,,15,,
,,,,,0,,
,,,,,0.60979,,
,,,,,2.65994,,
,,,,,0.984896,,
,,,,,1.07007,,
,,,,,0.1333,,
,,,,,0.3927,,
,,,,,301,,
,,,,,289,,
,,,,,-1,,
,,,,,15,,
,,,,,0,,
,,,,,0.60979,,
,,,,,2.68034,,
,,,,,1.01892,,
,,,,,0.9719,,
,,,,,0.53,,
,,,,,-0.589,,
,,,,,302,,
,,,,,289,,
,,,,,-1,,
,,,,,15,,
,,,,,0,,
,,,,,0.60979,,
,,,,,2.67022,,
,,,,,1.00205,,
,,,,,1.05043,,
,,,,,0.3333,,
,,,,,0.1963,,
,,,,,303,,
,,,,,289,,
,,,,,-1,,
,,,,,15,,
,,,,,0,,
,,,,,0.60979,,
,,,,,2.65652,,
,,,,,0.979183,,
,,,,,1.01117,,
,,,,,0.0667,,
,,,,,-0.1963,,
,,,,,304,,
,,,,,289,,
,,,,,-1,,
,,,,,15,,
,,,,,0,,
,,,,,0.60979,,
,,,,,2.67708,,
,,,,,1.01349,,
,,,,,1.0897,,
,,,,,0.4667,,
,,,,,0.589,,
,,,,,305,,
,,,,,289,,
,,,,,-1,,
,,,,,15,,
,,,,,0,,
,,,,,0.60979,,
,,,,,2.6668,,
,,,,,0.996337,,
,,,,,0.96208,,
,,,,,0.2667,,
,,,,,-0.6872,,
,,,,,306,,
,,,,,289,,
,,,,,-1,,
,,,,,15,,
,,,,,0,,
,,,,,0.60979,,
,,,,,2.65537,,
,,,,,0.97727,,
,,,,,1.04062,,
,,,,,0.0444,,
,,,,,0.0982,,
,,,,,307,,
,,,,,289,,
,,,,,-1,,
,,,,,15,,
,,,,,0,,
,,,,,0.60979,,
,,,,,2.67594,,
,,,,,1.01158,,
,,,,,1.00135,,
,,,,,0.4444,,
,,,,,-0.2945,,
,,,,,308,,
,,,,,289,,
,,,,,-1,,
,,,,,15,,
,,,,,0,,
,,,,,0.60979,,
,,,,,2.66565,,
,,,,,0.994425,,
,,,,,1.07989,,
,,,,,0.2444,,
,,,,,0.4909,,
,,,,,309,,
,,,,,272,,
,,,,,-1,,
,,,,,14,,
,,,,,0.01336,,
,,,,,0.59869,,
,,,,,2.71519,,
,,,,,0.92082,,
,,,,,0.2454,,
,,,,,0.4,,
,,,,,0,,
,,,,,310,,
,,,,,272,,
,,,,,-1,,
,,,,,14,,
,,,,,0.01336,,
,,,,,0.59869,,
,,,,,2.69628,,
,,,,,0.913658,,
,,,,,0.12759,,
,,,,,0.2,,
,,,,,-0.3927,,
,,,,,311,,
,,,,,272,,
,,,,,-1,,
,,,,,14,,
,,,,,0.01336,,
,,,,,0.59869,,
,,,,,2.6884,,
,,,,,0.917345,,
,,,,,0.402479,,
,,,,,0.1333,,
,,,,,0.3927,,
,,,,,312,,
,,,,,272,,
,,,,,-1,,
,,,,,14,,
,,,,,0.01336,,
,,,,,0.59869,,
,,,,,2.74108,,
,,,,,0.924088,,
,,,,,0.1276,,
,,,,,0.53,,
,,,,,-0.589,,
,,,,,313,,
,,,,,272,,
,,,,,-1,,
,,,,,14,,
,,,,,0.01336,,
,,,,,0.59869,,
,,,,,2.70208,,
,,,,,0.918212,,
,,,,,0.28466,,
,,,,,0.3333,,
,,,,,0.1963,,
,,,,,317,,
,,,,,272,,
,,,,,320,,
,,,,,14,,
,,,,,5.3315,,
,,,,,0.60313,,
,,,,,2.65901,,
,,,,,0.907199,,
,,,,,0.2945,,
,,,,,0.0444,,
,,,,,0.0982,,
,,,,,315,,
,,,,,272,,
,,,,,-1,,
,,,,,14,,
,,,,,0.01336,,
,,,,,0.59869,,
,,,,,2.72738,,
,,,,,0.926706,,
,,,,,0.3632,,
,,,,,0.4667,,
,,,,,0.589,,
,,,,,316,,
,,,,,272,,
,,,,,-1,,
,,,,,14,,
,,,,,0.01336,,
,,,,,0.59869,,
,,,,,2.71622,,
,,,,,0.915425,,
,,,,,0.0392395,,
,,,,,0.2667,,
,,,,,-0.6872,,
,,,,,314,,
,,,,,272,,
,,,,,-1,,
,,,,,14,,
,,,,,5.32729,,
,,,,,0.60536,,
,,,,,2.67021,,
,,,,,0.908208,,
,,,,,0.14725,,
,,,,,0.0667,,
,,,,,-0.1963,,
,,,,,318,,
,,,,,272,,
,,,,,-1,,
,,,,,14,,
,,,,,0.01336,,
,,,,,0.59869,,
,,,,,2.7241,,
,,,,,0.921703,,
,,,,,0.1865,,
,,,,,0.4444,,
,,,,,-0.2945,,
,,,,,319,,
,,,,,272,,
,,,,,-1,,
,,,,,14,,
,,,,,0.01336,,
,,,,,0.59869,,
,,,,,2.70769,,
,,,,,0.922649,,
,,,,,0.39267,,
,,,,,0.2444,,
,,,,,0.4909,,
,,,,,320,,
,,,,,317,,
,,,,,-1,,
,,,,,15,,
,,,,,0.01336,,
,,,,,0.60313,,
,,,,,2.69728,,
,,,,,0.91881,,
,,,,,0.2945,,
,,,,,0.4,,
,,,,,0,,
,,,,,321,,
,,,,,317,,
,,,,,-1,,
,,,,,15,,
,,,,,0.01336,,
,,,,,0.60313,,
,,,,,2.6975,,
,,,,,0.918054,,
,,,,,0.21596,,
,,,,,0.2,,
,,,,,-0.3927,,
,,,,,322,,
,,,,,317,,
,,,,,-1,,
,,,,,15,,
,,,,,0.01336,,
,,,,,0.60313,,
,,,,,2.69677,,
,,,,,0.920293,,
,,,,,0.41231,,
,,,,,0.1333,,
,,,,,0.3927,,
,,,,,323,,
,,,,,317,,
,,,,,-1,,
,,,,,15,,
,,,,,0.01336,,
,,,,,0.60313,,
,,,,,2.70972,,
,,,,,0.922583,,
,,,,,0.2356,,
,,,,,0.53,,
,,,,,-0.589,,
,,,,,324,,
,,,,,317,,
,,,,,-1,,
,,,,,15,,
,,,,,0.01336,,
,,,,,0.60313,,
,,,,,2.6909,,
,,,,,0.916874,,
,,,,,0.31413,,
,,,,,0.3333,,
,,,,,0.1963,,
,,,,,325,,
,,,,,317,,
,,,,,-1,,
,,,,,15,,
,,,,,0.01336,,
,,,,,0.60313,,
,,,,,2.69126,,
,,,,,0.915616,,
,,,,,0.19635,,
,,,,,0.0667,,
,,,,,-0.1963,,
,,,,,326,,
,,,,,317,,
,,,,,-1,,
,,,,,15,,
,,,,,0.01336,,
,,,,,0.60313,,
,,,,,2.70367,,
,,,,,0.920746,,
,,,,,0.3534,,
,,,,,0.4667,,
,,,,,0.589,,
,,,,,327,,
,,,,,317,,
,,,,,-1,,
,,,,,15,,
,,,,,0.01336,,
,,,,,0.60313,,
,,,,,2.71052,,
,,,,,0.920911,,
,,,,,0.15706,,
,,,,,0.2667,,
,,,,,-0.6872,,
,,,,,328,,
,,,,,317,,
,,,,,-1,,
,,,,,15,,
,,,,,5.31952,,
,,,,,0.60757,,
,,,,,2.68012,,
,,,,,0.914058,,
,,,,,0.3436,,
,,,,,0.0444,,
,,,,,0.0982,,
,,,,,329,,
,,,,,317,,
,,,,,-1,,
,,,,,15,,
,,,,,0.01336,,
,,,,,0.60313,,
,,,,,2.70153,,
,,,,,0.920098,,
,,,,,0.26505,,
,,,,,0.4444,,
,,,,,-0.2945,,
,,,,,330,,
,,,,,317,,
,,,,,-1,,
,,,,,15,,
,,,,,0.01336,,
,,,,,0.60313,,
,,,,,2.7054,,
,,,,,0.922526,,
,,,,,0.39268,,
,,,,,0.2444,,
,,,,,0.4909,,
,,,,,331,,
,,,,,267,,
,,,,,-1,,
,,,,,14,,
,,,,,0,,
,,,,,0.58535,,
,,,,,2.68357,,
,,,,,0.997797,,
,,,,,0.785349,,
,,,,,0.4,,
,,,,,0,,
,,,,,332,,
,,,,,267,,
,,,,,-1,,
,,,,,14,,
,,,,,5.29002,,
,,,,,0.60535,,
,,,,,2.64635,,
,,,,,0.949507,,
,,,,,0.589,,
,,,,,0.2,,
,,,,,-0.3927,,
,,,,,333,,
,,,,,267,,
,,,,,-1,,
,,,,,14,,
,,,,,5.31214,,
,,,,,0.59868,,
,,,,,2.61365,,
,,,,,0.935266,,
,,,,,0.981699,,
,,,,,0.1333,,
,,,,,0.3927,,
,,,,,334,,
,,,,,267,,
,,,,,-1,,
,,,,,14,,
,,,,,0,,
,,,,,0.58535,,
,,,,,2.68915,,
,,,,,0.990154,,
,,,,,0.608649,,
,,,,,0.53,,
,,,,,-0.589,,
,,,,,335,,
,,,,,267,,
,,,,,-1,,
,,,,,14,,
,,,,,0,,
,,,,,0.58535,,
,,,,,2.66187,,
,,,,,0.981644,,
,,,,,0.86387,,
,,,,,0.3333,,
,,,,,0.1963,,
,,,,,336,,
,,,,,267,,
,,,,,-1,,
,,,,,14,,
,,,,,5.33909,,
,,,,,0.59202,,
,,,,,2.59491,,
,,,,,0.907294,,
,,,,,0.687199,,
,,,,,0.0667,,
,,,,,-0.1963,,
,,,,,337,,
,,,,,267,,
,,,,,-1,,
,,,,,14,,
,,,,,0,,
,,,,,0.58535,,
,,,,,2.66333,,
,,,,,0.989198,,
,,,,,0.962049,,
,,,,,0.4667,,
,,,,,0.589,,
,,,,,338,,
,,,,,267,,
,,,,,-1,,
,,,,,14,,
,,,,,0,,
,,,,,0.58535,,
,,,,,2.67625,,
,,,,,0.964765,,
,,,,,0.44175,,
,,,,,0.2667,,
,,,,,-0.6872,,
,,,,,339,,
,,,,,267,,
,,,,,-1,,
,,,,,14,,
,,,,,5.34719,,
,,,,,0.58979,,
,,,,,2.58581,,
,,,,,0.900666,,
,,,,,0.834449,,
,,,,,0.0444,,
,,,,,0.0982,,
,,,,,340,,
,,,,,267,,
,,,,,-1,,
,,,,,14,,
,,,,,0,,
,,,,,0.58535,,
,,,,,2.66741,,
,,,,,0.976089,,
,,,,,0.696999,,
,,,,,0.4444,,
,,,,,-0.2945,,
,,,,,341,,
,,,,,267,,
,,,,,-1,,
,,,,,14,,
,,,,,5.26836,,
,,,,,0.60979,,
,,,,,2.64777,,
,,,,,0.978896,,
,,,,,1.0308,,
,,,,,0.2444,,
,,,,,0.4909,,
,,,,,342,,
,,,,,270,,
,,,,,-1,,
,,,,,14,,
,,,,,0.01112,,
,,,,,0.57869,,
,,,,,2.6877,,
,,,,,0.936307,,
,,,,,0.490849,,
,,,,,0.4,,
,,,,,0,,
,,,,,343,,
,,,,,270,,
,,,,,-1,,
,,,,,14,,
,,,,,5.3407,,
,,,,,0.59869,,
,,,,,2.63807,,
,,,,,0.900897,,
,,,,,0.2945,,
,,,,,0.2,,
,,,,,-0.3927,,
,,,,,344,,
,,,,,270,,
,,,,,353,,
,,,,,14,,
,,,,,5.35539,,
,,,,,0.59202,,
,,,,,2.60264,,
,,,,,0.896763,,
,,,,,0.687199,,
,,,,,0.1333,,
,,,,,0.3927,,
,,,,,345,,
,,,,,270,,
,,,,,-1,,
,,,,,14,,
,,,,,0.01112,,
,,,,,0.57869,,
,,,,,2.69082,,
,,,,,0.927374,,
,,,,,0.314149,,
,,,,,0.53,,
,,,,,-0.589,,
,,,,,346,,
,,,,,270,,
,,,,,-1,,
,,,,,14,,
,,,,,0.01112,,
,,,,,0.57869,,
,,,,,2.69031,,
,,,,,0.945117,,
,,,,,0.589,,
,,,,,0.3333,,
,,,,,0.1963,,
,,,,,347,,
,,,,,270,,
,,,,,-1,,
,,,,,14,,
,,,,,5.3803,,
,,,,,0.58536,,
,,,,,2.57659,,
,,,,,0.875435,,
,,,,,0.392699,,
,,,,,0.0667,,
,,,,,-0.1963,,
,,,,,348,,
,,,,,270,,
,,,,,-1,,
,,,,,14,,
,,,,,0.01112,,
,,,,,0.57869,,
,,,,,2.70248,,
,,,,,0.962845,,
,,,,,0.726449,,
,,,,,0.4667,,
,,,,,0.589,,
,,,,,349,,
,,,,,270,,
,,,,,-1,,
,,,,,14,,
,,,,,5.32582,,
,,,,,0.60536,,
,,,,,2.67111,,
,,,,,0.906821,,
,,,,,0.147249,,
,,,,,0.2667,,
,,,,,-0.6872,,
,,,,,125,,
,,,,,114,,
,,,,,210,,
,,,,,12,,
,,,,,5.39464,,
,,,,,0.58502,,
,,,,,2.58717,,
,,,,,0.852245,,
,,,,,0.2945,,
,,,,,0.53,,
,,,,,-0.589,,
,,,,,351,,
,,,,,270,,
,,,,,-1,,
,,,,,14,,
,,,,,0.01112,,
,,,,,0.57869,,
,,,,,2.70682,,
,,,,,0.937632,,
,,,,,0.373049,,
,,,,,0.4444,,
,,,,,-0.2945,,
,,,,,352,,
,,,,,270,,
,,,,,-1,,
,,,,,14,,
,,,,,5.3162,,
,,,,,0.60313,,
,,,,,2.64795,,
,,,,,0.928612,,
,,,,,0.7363,,
,,,,,0.2444,,
,,,,,0.4909,,
,,,,,353,,
,,,,,344,,
,,,,,-1,,
,,,,,15,,
,,,,,0.01112,,
,,,,,0.59202,,
,,,,,2.6954,,
,,,,,0.972888,,
,,,,,0.687199,,
,,,,,0.4,,
,,,,,0,,
,,,,,354,,
,,,,,344,,
,,,,,-1,,
,,,,,15,,
,,,,,0.01112,,
,,,,,0.59202,,
,,,,,2.68455,,
,,,,,0.953852,,
,,,,,0.490849,,
,,,,,0.2,,
,,,,,-0.3927,,
,,,,,269,,
,,,,,122,,
,,,,,276,,
,,,,,13,,
,,,,,5.30487,,
,,,,,0.60535,,
,,,,,2.65294,,
,,,,,0.941378,,
,,,,,0.68715,,
,,,,,0.3333,,
,,,,,0.1963,,
,,,,,356,,
,,,,,344,,
,,,,,-1,,
,,,,,15,,
,,,,,0.01112,,
,,,,,0.59202,,
,,,,,2.68649,,
,,,,,0.961537,,
,,,,,0.569399,,
,,,,,0.53,,
,,,,,-0.589,,
,,,,,357,,
,,,,,344,,
,,,,,-1,,
,,,,,15,,
,,,,,0.01112,,
,,,,,0.59202,,
,,,,,2.67866,,
,,,,,0.961691,,
,,,,,0.746089,,
,,,,,0.3333,,
,,,,,0.1963,,
,,,,,358,,
,,,,,344,,
,,,,,-1,,
,,,,,15,,
,,,,,5.3313,,
,,,,,0.59869,,
,,,,,2.62922,,
,,,,,0.916884,,
,,,,,0.589049,,
,,,,,0.0667,,
,,,,,-0.1963,,
,,,,,359,,
,,,,,344,,
,,,,,-1,,
,,,,,15,,
,,,,,0.01112,,
,,,,,0.59202,,
,,,,,2.67299,,
,,,,,0.958048,,
,,,,,0.804999,,
,,,,,0.4667,,
,,,,,0.589,,
,,,,,360,,
,,,,,344,,
,,,,,-1,,
,,,,,15,,
,,,,,0.01112,,
,,,,,0.59202,,
,,,,,2.69137,,
,,,,,0.95542,,
,,,,,0.412319,,
,,,,,0.2667,,
,,,,,-0.6872,,
,,,,,361,,
,,,,,344,,
,,,,,-1,,
,,,,,15,,
,,,,,5.33887,,
,,,,,0.59646,,
,,,,,2.61952,,
,,,,,0.911179,,
,,,,,0.736299,,
,,,,,0.0444,,
,,,,,0.0982,,
,,,,,362,,
,,,,,344,,
,,,,,-1,,
,,,,,15,,
,,,,,0.01112,,
,,,,,0.59202,,
,,,,,2.67216,,
,,,,,0.952123,,
,,,,,0.628299,,
,,,,,0.4444,,
,,,,,-0.2945,,
,,,,,363,,
,,,,,344,,
,,,,,-1,,
,,,,,15,,
,,,,,0.01112,,
,,,,,0.59202,,
,,,,,2.67333,,
,,,,,0.96407,,
,,,,,0.88356,,
,,,,,0.2444,,
,,,,,0.4909,,
,,,,,364,,
,,,,,126,,
,,,,,-1,,
,,,,,13,,
,,,,,5.29044,,
,,,,,0.60535,,
,,,,,2.64125,,
,,,,,0.957139,,
,,,,,0.68715,,
,,,,,0.4,,
,,,,,0,,
,,,,,365,,
,,,,,126,,
,,,,,-1,,
,,,,,13,,
,,,,,5.36743,,
,,,,,0.58535,,
,,,,,2.56856,,
,,,,,0.887357,,
,,,,,0.4908,,
,,,,,0.2,,
,,,,,-0.3927,,
,,,,,366,,
,,,,,126,,
,,,,,-1,,
,,,,,13,,
,,,,,5.38753,,
,,,,,0.57868,,
,,,,,2.53462,,
,,,,,0.876392,,
,,,,,0.8835,,
,,,,,0.1333,,
,,,,,0.3927,,
,,,,,367,,
,,,,,126,,
,,,,,-1,,
,,,,,13,,
,,,,,0.00445002,,
,,,,,0.56535,,
,,,,,2.70906,,
,,,,,0.972634,,
,,,,,0.39265,,
,,,,,0.53,,
,,,,,-0.589,,
,,,,,368,,
,,,,,126,,
,,,,,-1,,
,,,,,13,,
,,,,,5.31298,,
,,,,,0.59868,,
,,,,,2.61118,,
,,,,,0.940917,,
,,,,,0.7853,,
,,,,,0.3333,,
,,,,,0.1963,,
,,,,,270,,
,,,,,122,,
,,,,,342,,
,,,,,13,,
,,,,,5.39474,,
,,,,,0.57869,,
,,,,,2.54659,,
,,,,,0.860887,,
,,,,,0.490849,,
,,,,,0.0667,,
,,,,,-0.1963,,
,,,,,370,,
,,,,,126,,
,,,,,-1,,
,,,,,13,,
,,,,,0.00445002,,
,,,,,0.56535,,
,,,,,2.64783,,
,,,,,0.997887,,
,,,,,0.98165,,
,,,,,0.4667,,
,,,,,0.589,,
,,,,,371,,
,,,,,126,,
,,,,,-1,,
,,,,,13,,
,,,,,5.34769,,
,,,,,0.59202,,
,,,,,2.59981,,
,,,,,0.899611,,
,,,,,0.34355,,
,,,,,0.2667,,
,,,,,-0.6872,,
,,,,,372,,
,,,,,126,,
,,,,,375,,
,,,,,13,,
,,,,,5.42182,,
,,,,,0.56979,,
,,,,,2.50352,,
,,,,,0.844687,,
,,,,,0.73625,,
,,,,,0.0444,,
,,,,,0.0982,,
,,,,,373,,
,,,,,126,,
,,,,,-1,,
,,,,,13,,
,,,,,0.00445002,,
,,,,,0.56535,,
,,,,,2.66626,,
,,,,,0.960752,,
,,,,,0.5399,,
,,,,,0.4444,,
,,,,,-0.2945,,
,,,,,374,,
,,,,,126,,
,,,,,-1,,
,,,,,13,,
,,,,,5.34464,,
,,,,,0.58979,,
,,,,,2.57285,,
,,,,,0.916466,,
,,,,,0.9326,,
,,,,,0.2444,,
,,,,,0.4909,,
,,,,,375,,
,,,,,372,,
,,,,,-1,,
,,,,,14,,
,,,,,0.00445002,,
,,,,,0.56979,,
,,,,,2.65172,,
,,,,,0.97899,,
,,,,,0.73625,,
,,,,,0.4,,
,,,,,0,,
,,,,,376,,
,,,,,372,,
,,,,,386,,
,,,,,14,,
,,,,,5.34894,,
,,,,,0.58979,,
,,,,,2.58254,,
,,,,,0.905724,,
,,,,,0.5399,,
,,,,,0.2,,
,,,,,-0.3927,,
,,,,,377,,
,,,,,372,,
,,,,,-1,,
,,,,,14,,
,,,,,5.37016,,
,,,,,0.58312,,
,,,,,2.54918,,
,,,,,0.893106,,
,,,,,0.932599,,
,,,,,0.1333,,
,,,,,0.3927,,
,,,,,378,,
,,,,,372,,
,,,,,-1,,
,,,,,14,,
,,,,,0.00445002,,
,,,,,0.56979,,
,,,,,2.67219,,
,,,,,0.972355,,
,,,,,0.50065,,
,,,,,0.53,,
,,,,,-0.589,,
,,,,,174,,
,,,,,134,,
,,,,,177,,
,,,,,14,,
,,,,,5.29744,,
,,,,,0.60313,,
,,,,,2.61479,,
,,,,,0.969761,,
,,,,,0.73625,,
,,,,,0.0444,,
,,,,,0.0982,,
,,,,,380,,
,,,,,372,,
,,,,,-1,,
,,,,,14,,
,,,,,5.39699,,
,,,,,0.57646,,
,,,,,2.52908,,
,,,,,0.866087,,
,,,,,0.638099,,
,,,,,0.0667,,
,,,,,-0.1963,,
,,,,,381,,
,,,,,372,,
,,,,,-1,,
,,,,,14,,
,,,,,0.00445002,,
,,,,,0.56979,,
,,,,,2.65629,,
,,,,,1.02001,,
,,,,,1.03075,,
,,,,,0.4667,,
,,,,,0.589,,
,,,,,272,,
,,,,,122,,
,,,,,309,,
,,,,,13,,
,,,,,5.33386,,
,,,,,0.59869,,
,,,,,2.63758,,
,,,,,0.901384,,
,,,,,0.2454,,
,,,,,0.2667,,
,,,,,-0.6872,,
,,,,,273,,
,,,,,122,,
,,,,,133,,
,,,,,13,,
,,,,,5.40179,,
,,,,,0.57646,,
,,,,,2.53638,,
,,,,,0.856161,,
,,,,,0.638099,,
,,,,,0.0444,,
,,,,,0.0982,,
,,,,,384,,
,,,,,372,,
,,,,,-1,,
,,,,,14,,
,,,,,0.00445002,,
,,,,,0.56979,,
,,,,,2.67652,,
,,,,,0.983826,,
,,,,,0.589,,
,,,,,0.4444,,
,,,,,-0.2945,,
,,,,,385,,
,,,,,372,,
,,,,,-1,,
,,,,,14,,
,,,,,5.32673,,
,,,,,0.59423,,
,,,,,2.58539,,
,,,,,0.935009,,
,,,,,0.9817,,
,,,,,0.2444,,
,,,,,0.4909,,
,,,,,386,,
,,,,,376,,
,,,,,-1,,
,,,,,15,,
,,,,,0.00445002,,
,,,,,0.58979,,
,,,,,2.68547,,
,,,,,0.967409,,
,,,,,0.5399,,
,,,,,0.4,,
,,,,,0,,
,,,,,387,,
,,,,,376,,
,,,,,-1,,
,,,,,15,,
,,,,,0.00445002,,
,,,,,0.58979,,
,,,,,2.67195,,
,,,,,0.950172,,
,,,,,0.34355,,
,,,,,0.2,,
,,,,,-0.3927,,
,,,,,388,,
,,,,,376,,
,,,,,-1,,
,,,,,15,,
,,,,,5.30156,,
,,,,,0.60312,,
,,,,,2.63676,,
,,,,,0.944305,,
,,,,,0.73625,,
,,,,,0.1333,,
,,,,,0.3927,,
,,,,,389,,
,,,,,376,,
,,,,,-1,,
,,,,,15,,
,,,,,0.00445002,,
,,,,,0.58979,,
,,,,,2.67499,,
,,,,,0.957489,,
,,,,,0.4221,,
,,,,,0.53,,
,,,,,-0.589,,
,,,,,390,,
,,,,,376,,
,,,,,-1,,
,,,,,15,,
,,,,,0.00445002,,
,,,,,0.58979,,
,,,,,2.66727,,
,,,,,0.95879,,
,,,,,0.59879,,
,,,,,0.3333,,
,,,,,0.1963,,
,,,,,391,,
,,,,,376,,
,,,,,-1,,
,,,,,15,,
,,,,,5.327,,
,,,,,0.59646,,
,,,,,2.61179,,
,,,,,0.921725,,
,,,,,0.44175,,
,,,,,0.0667,,
,,,,,-0.1963,,
,,,,,392,,
,,,,,376,,
,,,,,-1,,
,,,,,15,,
,,,,,0.00445002,,
,,,,,0.58979,,
,,,,,2.69806,,
,,,,,0.984549,,
,,,,,0.7166,,
,,,,,0.4667,,
,,,,,0.589,,
,,,,,393,,
,,,,,376,,
,,,,,-1,,
,,,,,15,,
,,,,,0.00445002,,
,,,,,0.58979,,
,,,,,2.67892,,
,,,,,0.950722,,
,,,,,0.26502,,
,,,,,0.2667,,
,,,,,-0.6872,,
,,,,,382,,
,,,,,372,,
,,,,,309,,
,,,,,14,,
,,,,,5.32823,,
,,,,,0.59646,,
,,,,,2.61315,,
,,,,,0.919497,,
,,,,,0.39265,,
,,,,,0.2667,,
,,,,,-0.6872,,
,,,,,395,,
,,,,,376,,
,,,,,-1,,
,,,,,15,,
,,,,,0.00445002,,
,,,,,0.58979,,
,,,,,2.69883,,
,,,,,0.970841,,
,,,,,0.45155,,
,,,,,0.4444,,
,,,,,-0.2945,,
,,,,,396,,
,,,,,376,,
,,,,,-1,,
,,,,,15,,
,,,,,0.00445002,,
,,,,,0.58979,,
,,,,,2.66235,,
,,,,,0.961925,,
,,,,,0.73626,,
,,,,,0.2444,,
,,,,,0.4909,,
,,,,,397,,
,,,,,132,,
,,,,,-1,,
,,,,,13,,
,,,,,5.30741,,
,,,,,0.59646,,
,,,,,2.58042,,
,,,,,0.957881,,
,,,,,0.83445,,
,,,,,0.4,,
,,,,,0,,
,,,,,398,,
,,,,,132,,
,,,,,-1,,
,,,,,13,,
,,,,,5.38748,,
,,,,,0.57646,,
,,,,,2.51876,,
,,,,,0.878185,,
,,,,,0.6381,,
,,,,,0.2,,
,,,,,-0.3927,,
,,,,,399,,
,,,,,132,,
,,,,,408,,
,,,,,13,,
,,,,,5.4109,,
,,,,,0.56979,,
,,,,,2.48679,,
,,,,,0.862356,,
,,,,,1.0308,,
,,,,,0.1333,,
,,,,,0.3927,,
,,,,,400,,
,,,,,132,,
,,,,,-1,,
,,,,,13,,
,,,,,5.26564,,
,,,,,0.60946,,
,,,,,2.64522,,
,,,,,0.98316,,
,,,,,0.53995,,
,,,,,0.53,,
,,,,,-0.589,,
,,,,,401,,
,,,,,132,,
,,,,,-1,,
,,,,,13,,
,,,,,5.33238,,
,,,,,0.58979,,
,,,,,2.55305,,
,,,,,0.937419,,
,,,,,0.9326,,
,,,,,0.3333,,
,,,,,0.1963,,
,,,,,126,,
,,,,,114,,
,,,,,364,,
,,,,,12,,
,,,,,5.43398,,
,,,,,0.56535,,
,,,,,2.48664,,
,,,,,0.830272,,
,,,,,0.68715,,
,,,,,0.3333,,
,,,,,0.1963,,
,,,,,403,,
,,,,,132,,
,,,,,-1,,
,,,,,13,,
,,,,,5.27845,,
,,,,,0.60313,,
,,,,,2.58094,,
,,,,,0.999152,,
,,,,,1.12895,,
,,,,,0.4667,,
,,,,,0.589,,
,,,,,404,,
,,,,,132,,
,,,,,-1,,
,,,,,13,,
,,,,,5.36485,,
,,,,,0.58313,,
,,,,,2.54787,,
,,,,,0.894893,,
,,,,,0.49085,,
,,,,,0.2667,,
,,,,,-0.6872,,
,,,,,402,,
,,,,,132,,
,,,,,364,,
,,,,,13,,
,,,,,5.43791,,
,,,,,0.56313,,
,,,,,2.46944,,
,,,,,0.833498,,
,,,,,0.7363,,
,,,,,0.0667,,
,,,,,-0.1963,,
,,,,,379,,
,,,,,372,,
,,,,,177,,
,,,,,14,,
,,,,,5.30302,,
,,,,,0.60312,,
,,,,,2.62247,,
,,,,,0.961311,,
,,,,,0.8344,,
,,,,,0.3333,,
,,,,,0.1963,,
,,,,,141,,
,,,,,128,,
,,,,,199,,
,,,,,13,,
,,,,,5.37147,,
,,,,,0.58313,,
,,,,,2.54244,,
,,,,,0.900808,,
,,,,,0.932599,,
,,,,,0.0444,,
,,,,,0.0982,,
,,,,,412,,
,,,,,399,,
,,,,,-1,,
,,,,,14,,
,,,,,5.27782,,
,,,,,0.60312,,
,,,,,2.56676,,
,,,,,1.00849,,
,,,,,1.12895,,
,,,,,0.3333,,
,,,,,0.1963,,
,,,,,409,,
,,,,,399,,
,,,,,-1,,
,,,,,14,,
,,,,,5.33132,,
,,,,,0.58979,,
,,,,,2.54468,,
,,,,,0.943704,,
,,,,,0.83445,,
,,,,,0.2,,
,,,,,-0.3927,,
,,,,,410,,
,,,,,399,,
,,,,,-1,,
,,,,,14,,
,,,,,5.35792,,
,,,,,0.58312,,
,,,,,2.51642,,
,,,,,0.921943,,
,,,,,1.22715,,
,,,,,0.1333,,
,,,,,0.3927,,
,,,,,411,,
,,,,,399,,
,,,,,-1,,
,,,,,14,,
,,,,,0,,
,,,,,0.56979,,
,,,,,2.64824,,
,,,,,1.07134,,
,,,,,0.7363,,
,,,,,0.53,,
,,,,,-0.589,,
,,,,,408,,
,,,,,399,,
,,,,,-1,,
,,,,,14,,
,,,,,5.2509,,
,,,,,0.60979,,
,,,,,2.58962,,
,,,,,1.0339,,
,,,,,1.0308,,
,,,,,0.4,,
,,,,,0,,
,,,,,413,,
,,,,,399,,
,,,,,-1,,
,,,,,14,,
,,,,,5.38425,,
,,,,,0.57646,,
,,,,,2.50504,,
,,,,,0.890255,,
,,,,,0.93265,,
,,,,,0.0667,,
,,,,,-0.1963,,
,,,,,414,,
,,,,,399,,
,,,,,419,,
,,,,,14,,
,,,,,5.22689,,
,,,,,0.61646,,
,,,,,2.58208,,
,,,,,1.07448,,
,,,,,1.3253,,
,,,,,0.4667,,
,,,,,0.589,,
,,,,,201,,
,,,,,141,,
,,,,,166,,
,,,,,14,,
,,,,,5.31827,,
,,,,,0.59646,,
,,,,,2.57777,,
,,,,,0.957202,,
,,,,,1.12895,,
,,,,,0.1333,,
,,,,,0.3927,,
,,,,,416,,
,,,,,399,,
,,,,,-1,,
,,,,,14,,
,,,,,5.39315,,
,,,,,0.57423,,
,,,,,2.49783,,
,,,,,0.881616,,
,,,,,1.0799,,
,,,,,0.0444,,
,,,,,0.0982,,
,,,,,417,,
,,,,,399,,
,,,,,-1,,
,,,,,14,,
,,,,,5.23366,,
,,,,,0.61423,,
,,,,,2.61194,,
,,,,,1.04573,,
,,,,,0.88355,,
,,,,,0.4444,,
,,,,,-0.2945,,
,,,,,418,,
,,,,,399,,
,,,,,-1,,
,,,,,14,,
,,,,,5.31411,,
,,,,,0.59423,,
,,,,,2.53891,,
,,,,,0.972556,,
,,,,,1.27625,,
,,,,,0.2444,,
,,,,,0.4909,,
,,,,,419,,
,,,,,414,,
,,,,,-1,,
,,,,,15,,
,,,,,0,,
,,,,,0.61646,,
,,,,,2.61124,,
,,,,,1.19088,,
,,,,,1.3253,,
,,,,,0.4,,
,,,,,0,,
,,,,,420,,
,,,,,414,,
,,,,,-1,,
,,,,,15,,
,,,,,0,,
,,,,,0.61646,,
,,,,,2.60603,,
,,,,,1.15073,,
,,,,,1.16822,,
,,,,,0.2,,
,,,,,-0.3927,,
,,,,,421,,
,,,,,414,,
,,,,,-1,,
,,,,,15,,
,,,,,5.17862,,
,,,,,0.62979,,
,,,,,2.59314,,
,,,,,1.1401,,
,,,,,1.52165,,
,,,,,0.1333,,
,,,,,0.3927,,
,,,,,422,,
,,,,,414,,
,,,,,-1,,
,,,,,15,,
,,,,,0,,
,,,,,0.61646,,
,,,,,2.61084,,
,,,,,1.17645,,
,,,,,1.2075,,
,,,,,0.53,,
,,,,,-0.589,,
,,,,,423,,
,,,,,414,,
,,,,,-1,,
,,,,,15,,
,,,,,0,,
,,,,,0.61646,,
,,,,,2.60447,,
,,,,,1.17192,,
,,,,,1.38419,,
,,,,,0.3333,,
,,,,,0.1963,,
,,,,,424,,
,,,,,414,,
,,,,,-1,,
,,,,,15,,
,,,,,5.20142,,
,,,,,0.62313,,
,,,,,2.59144,,
,,,,,1.10647,,
,,,,,1.22715,,
,,,,,0.0667,,
,,,,,-0.1963,,
,,,,,425,,
,,,,,414,,
,,,,,-1,,
,,,,,15,,
,,,,,0,,
,,,,,0.61646,,
,,,,,2.60208,,
,,,,,1.16561,,
,,,,,1.4431,,
,,,,,0.4667,,
,,,,,0.589,,
,,,,,426,,
,,,,,414,,
,,,,,-1,,
,,,,,15,,
,,,,,0,,
,,,,,0.61646,,
,,,,,2.60677,,
,,,,,1.15045,,
,,,,,1.11914,,
,,,,,0.2667,,
,,,,,-0.6872,,
,,,,,427,,
,,,,,414,,
,,,,,-1,,
,,,,,15,,
,,,,,5.21031,,
,,,,,0.6209,,
,,,,,2.58705,,
,,,,,1.09611,,
,,,,,1.3744,,
,,,,,0.0444,,
,,,,,0.0982,,
,,,,,428,,
,,,,,414,,
,,,,,-1,,
,,,,,15,,
,,,,,0,,
,,,,,0.61646,,
,,,,,2.60494,,
,,,,,1.16036,,
,,,,,1.2664,,
,,,,,0.4444,,
,,,,,-0.2945,,
,,,,,429,,
,,,,,414,,
,,,,,430,,
,,,,,15,,
,,,,,5.13953,,
,,,,,0.6409,,
,,,,,2.59997,,
,,,,,1.19506,,
,,,,,1.57075,,
,,,,,0.2444,,
,,,,,0.4909,,
,,,,,434,,
,,,,,429,,
,,,,,-1,,
,,,,,16,,
,,,,,5.03658,,
,,,,,0.67423,,
,,,,,2.59344,,
,,,,,1.36152,,
,,,,,1.6689,,
,,,,,0.3333,,
,,,,,0.1963,,
,,,,,431,,
,,,,,429,,
,,,,,-1,,
,,,,,16,,
,,,,,5.07141,,
,,,,,0.6609,,
,,,,,2.60781,,
,,,,,1.2946,,
,,,,,1.3744,,
,,,,,0.2,,
,,,,,-0.3927,,
,,,,,432,,
,,,,,429,,
,,,,,-1,,
,,,,,16,,
,,,,,5.09971,,
,,,,,0.65423,,
,,,,,2.59475,,
,,,,,1.26141,,
,,,,,1.7671,,
,,,,,0.1333,,
,,,,,0.3927,,
,,,,,433,,
,,,,,429,,
,,,,,441,,
,,,,,16,,
,,,,,4.95567,,
,,,,,0.6939,,
,,,,,2.63102,,
,,,,,1.45731,,
,,,,,1.27625,,
,,,,,0.53,,
,,,,,-0.589,,
,,,,,430,,
,,,,,429,,
,,,,,-1,,
,,,,,16,,
,,,,,5.01168,,
,,,,,0.6809,,
,,,,,2.59998,,
,,,,,1.39506,,
,,,,,1.57075,,
,,,,,0.4,,
,,,,,0,,
,,,,,435,,
,,,,,429,,
,,,,,-1,,
,,,,,16,,
,,,,,0,,
,,,,,0.6409,,
,,,,,2.6001,,
,,,,,1.2084,,
,,,,,1.53149,,
,,,,,0.0667,,
,,,,,-0.1963,,
,,,,,436,,
,,,,,429,,
,,,,,-1,,
,,,,,16,,
,,,,,5.00793,,
,,,,,0.68757,,
,,,,,2.57265,,
,,,,,1.42599,,
,,,,,1.86525,,
,,,,,0.4667,,
,,,,,0.589,,
,,,,,437,,
,,,,,429,,
,,,,,-1,,
,,,,,16,,
,,,,,0,,
,,,,,0.6409,,
,,,,,2.61092,,
,,,,,1.30086,,
,,,,,1.29587,,
,,,,,0.2667,,
,,,,,-0.6872,,
,,,,,438,,
,,,,,429,,
,,,,,-1,,
,,,,,16,,
,,,,,5.12545,,
,,,,,0.64534,,
,,,,,2.59954,,
,,,,,1.21726,,
,,,,,1.61985,,
,,,,,0.0444,,
,,,,,0.0982,,
,,,,,439,,
,,,,,429,,
,,,,,-1,,
,,,,,16,,
,,,,,4.99088,,
,,,,,0.68534,,
,,,,,2.61305,,
,,,,,1.41669,,
,,,,,1.4235,,
,,,,,0.4444,,
,,,,,-0.2945,,
,,,,,440,,
,,,,,429,,
,,,,,-1,,
,,,,,16,,
,,,,,5.06837,,
,,,,,0.66534,,
,,,,,2.58803,,
,,,,,1.31638,,
,,,,,1.8162,,
,,,,,0.2444,,
,,,,,0.4909,,
,,,,,445,,
,,,,,433,,
,,,,,-1,,
,,,,,17,,
,,,,,4.83199,,
,,,,,0.72723,,
,,,,,2.67309,,
,,,,,1.6185,,
,,,,,1.3744,,
,,,,,0.3333,,
,,,,,0.1963,,
,,,,,442,,
,,,,,433,,
,,,,,-1,,
,,,,,17,,
,,,,,4.87821,,
,,,,,0.7139,,
,,,,,2.66741,,
,,,,,1.55029,,
,,,,,1.0799,,
,,,,,0.2,,
,,,,,-0.3927,,
,,,,,443,,
,,,,,433,,
,,,,,-1,,
,,,,,17,,
,,,,,4.90711,,
,,,,,0.70723,,
,,,,,2.64528,,
,,,,,1.52231,,
,,,,,1.4726,,
,,,,,0.1333,,
,,,,,0.3927,,
,,,,,450,,
,,,,,433,,
,,,,,452,,
,,,,,17,,
,,,,,4.78459,,
,,,,,0.73834,,
,,,,,2.70786,,
,,,,,1.6656,,
,,,,,1.129,,
,,,,,0.4444,,
,,,,,-0.2945,,
,,,,,441,,
,,,,,433,,
,,,,,-1,,
,,,,,17,,
,,,,,4.80472,,
,,,,,0.7339,,
,,,,,2.68908,,
,,,,,1.6487,,
,,,,,1.27625,,
,,,,,0.4,,
,,,,,0,,
,,,,,446,,
,,,,,433,,
,,,,,-1,,
,,,,,17,,
,,,,,4.9301,,
,,,,,0.70057,,
,,,,,2.64194,,
,,,,,1.48881,,
,,,,,1.1781,,
,,,,,0.0667,,
,,,,,-0.1963,,
,,,,,447,,
,,,,,433,,
,,,,,-1,,
,,,,,17,,
,,,,,4.79039,,
,,,,,0.74057,,
,,,,,2.67191,,
,,,,,1.68623,,
,,,,,1.57075,,
,,,,,0.4667,,
,,,,,0.589,,
,,,,,448,,
,,,,,433,,
,,,,,-1,,
,,,,,17,,
,,,,,4.85131,,
,,,,,0.72057,,
,,,,,2.68659,,
,,,,,1.57784,,
,,,,,0.93265,,
,,,,,0.2667,,
,,,,,-0.6872,,
,,,,,449,,
,,,,,433,,
,,,,,-1,,
,,,,,17,,
,,,,,4.93901,,
,,,,,0.69834,,
,,,,,2.63704,,
,,,,,1.47868,,
,,,,,1.32535,,
,,,,,0.0444,,
,,,,,0.0982,,
,,,,,444,,
,,,,,433,,
,,,,,-1,,
,,,,,17,,
,,,,,4.74899,,
,,,,,0.7469,,
,,,,,2.73685,,
,,,,,1.69926,,
,,,,,0.98175,,
,,,,,0.53,,
,,,,,-0.589,,
,,,,,451,,
,,,,,433,,
,,,,,-1,,
,,,,,17,,
,,,,,4.86776,,
,,,,,0.71834,,
,,,,,2.6548,,
,,,,,1.57688,,
,,,,,1.5217,,
,,,,,0.2444,,
,,,,,0.4909,,
,,,,,456,,
,,,,,450,,
,,,,,-1,,
,,,,,18,,
,,,,,4.65478,,
,,,,,0.77167,,
,,,,,2.77312,,
,,,,,1.81887,,
,,,,,1.22715,,
,,,,,0.3333,,
,,,,,0.1963,,
,,,,,453,,
,,,,,450,,
,,,,,-1,,
,,,,,18,,
,,,,,4.70509,,
,,,,,0.75834,,
,,,,,2.7575,,
,,,,,1.75223,,
,,,,,0.93265,,
,,,,,0.2,,
,,,,,-0.3927,,
,,,,,454,,
,,,,,450,,
,,,,,-1,,
,,,,,18,,
,,,,,4.73329,,
,,,,,0.75167,,
,,,,,2.73151,,
,,,,,1.7278,,
,,,,,1.32535,,
,,,,,0.1333,,
,,,,,0.3927,,
,,,,,461,,
,,,,,450,,
,,,,,463,,
,,,,,18,,
,,,,,4.60823,,
,,,,,0.78278,,
,,,,,2.81444,,
,,,,,1.86035,,
,,,,,0.98175,,
,,,,,0.4444,,
,,,,,-0.2945,,
,,,,,452,,
,,,,,450,,
,,,,,-1,,
,,,,,18,,
,,,,,4.62729,,
,,,,,0.77834,,
,,,,,2.79338,,
,,,,,1.84639,,
,,,,,1.129,,
,,,,,0.4,,
,,,,,0,,
,,,,,457,,
,,,,,450,,
,,,,,-1,,
,,,,,18,,
,,,,,4.75817,,
,,,,,0.74501,,
,,,,,2.72329,,
,,,,,1.69515,,
,,,,,1.03085,,
,,,,,0.0667,,
,,,,,-0.1963,,
,,,,,458,,
,,,,,450,,
,,,,,-1,,
,,,,,18,,
,,,,,4.60819,,
,,,,,0.78501,,
,,,,,2.78189,,
,,,,,1.88604,,
,,,,,1.4235,,
,,,,,0.4667,,
,,,,,0.589,,
,,,,,459,,
,,,,,450,,
,,,,,-1,,
,,,,,18,,
,,,,,4.67857,,
,,,,,0.76501,,
,,,,,2.78051,,
,,,,,1.77667,,
,,,,,0.7854,,
,,,,,0.2667,,
,,,,,-0.6872,,
,,,,,460,,
,,,,,450,,
,,,,,-1,,
,,,,,18,,
,,,,,4.76719,,
,,,,,0.74278,,
,,,,,2.71696,,
,,,,,1.68585,,
,,,,,1.1781,,
,,,,,0.0444,,
,,,,,0.0982,,
,,,,,455,,
,,,,,450,,
,,,,,-1,,
,,,,,18,,
,,,,,4.57376,,
,,,,,0.79134,,
,,,,,2.84805,,
,,,,,1.8894,,
,,,,,0.8345,,
,,,,,0.53,,
,,,,,-0.589,,
,,,,,462,,
,,,,,450,,
,,,,,-1,,
,,,,,18,,
,,,,,4.6913,,
,,,,,0.76278,,
,,,,,2.74893,,
,,,,,1.78038,,
,,,,,1.37445,,
,,,,,0.2444,,
,,,,,0.4909,,
,,,,,467,,
,,,,,461,,
,,,,,-1,,
,,,,,19,,
,,,,,4.47527,,
,,,,,0.81611,,
,,,,,2.90148,,
,,,,,2.00239,,
,,,,,1.0799,,
,,,,,0.3333,,
,,,,,0.1963,,
,,,,,464,,
,,,,,461,,
,,,,,-1,,
,,,,,19,,
,,,,,4.52857,,
,,,,,0.80278,,
,,,,,2.87625,,
,,,,,1.93876,,
,,,,,0.7854,,
,,,,,0.2,,
,,,,,-0.3927,,
,,,,,465,,
,,,,,461,,
,,,,,-1,,
,,,,,19,,
,,,,,4.55534,,
,,,,,0.79611,,
,,,,,2.84695,,
,,,,,1.91842,,
,,,,,1.1781,,
,,,,,0.1333,,
,,,,,0.3927,,
,,,,,466,,
,,,,,461,,
,,,,,474,,
,,,,,19,,
,,,,,4.39853,,
,,,,,0.83578,,
,,,,,2.98594,,
,,,,,2.06116,,
,,,,,0.68725,,
,,,,,0.53,,
,,,,,-0.589,,
,,,,,463,,
,,,,,461,,
,,,,,-1,,
,,,,,19,,
,,,,,4.44827,,
,,,,,0.82278,,
,,,,,2.92555,,
,,,,,2.02665,,
,,,,,0.98175,,
,,,,,0.4,,
,,,,,0,,
,,,,,468,,
,,,,,461,,
,,,,,-1,,
,,,,,19,,
,,,,,4.58157,,
,,,,,0.78945,,
,,,,,2.83403,,
,,,,,1.88732,,
,,,,,0.8836,,
,,,,,0.0667,,
,,,,,-0.1963,,
,,,,,469,,
,,,,,461,,
,,,,,-1,,
,,,,,19,,
,,,,,4.42467,,
,,,,,0.82945,,
,,,,,2.92001,,
,,,,,2.06755,,
,,,,,1.27625,,
,,,,,0.4667,,
,,,,,0.589,,
,,,,,470,,
,,,,,461,,
,,,,,-1,,
,,,,,19,,
,,,,,4.50314,,
,,,,,0.80945,,
,,,,,2.90259,,
,,,,,1.95956,,
,,,,,0.63815,,
,,,,,0.2667,,
,,,,,-0.6872,,
,,,,,471,,
,,,,,461,,
,,,,,-1,,
,,,,,19,,
,,,,,4.59049,,
,,,,,0.78722,,
,,,,,2.8264,,
,,,,,1.87905,,
,,,,,1.03085,,
,,,,,0.0444,,
,,,,,0.0982,,
,,,,,472,,
,,,,,461,,
,,,,,-1,,
,,,,,19,,
,,,,,4.43085,,
,,,,,0.82722,,
,,,,,2.94843,,
,,,,,2.03737,,
,,,,,0.8345,,
,,,,,0.4444,,
,,,,,-0.2945,,
,,,,,473,,
,,,,,461,,
,,,,,-1,,
,,,,,19,,
,,,,,4.51163,,
,,,,,0.80722,,
,,,,,2.8719,,
,,,,,1.96787,,
,,,,,1.2272,,
,,,,,0.2444,,
,,,,,0.4909,,
,,,,,478,,
,,,,,466,,
,,,,,-1,,
,,,,,20,,
,,,,,4.27042,,
,,,,,0.86911,,
,,,,,3.11046,,
,,,,,2.17182,,
,,,,,0.7854,,
,,,,,0.3333,,
,,,,,0.1963,,
,,,,,475,,
,,,,,466,,
,,,,,-1,,
,,,,,20,,
,,,,,4.32531,,
,,,,,0.85578,,
,,,,,3.06785,,
,,,,,2.11826,,
,,,,,0.4909,,
,,,,,0.2,,
,,,,,-0.3927,,
,,,,,476,,
,,,,,466,,
,,,,,-1,,
,,,,,20,,
,,,,,4.34672,,
,,,,,0.84911,,
,,,,,3.03391,,
,,,,,2.10729,,
,,,,,0.8836,,
,,,,,0.1333,,
,,,,,0.3927,,
,,,,,477,,
,,,,,466,,
,,,,,485,,
,,,,,20,,
,,,,,4.20995,,
,,,,,0.88878,,
,,,,,3.20835,,
,,,,,2.20355,,
,,,,,0.39275,,
,,,,,0.53,,
,,,,,-0.589,,
,,,,,474,,
,,,,,466,,
,,,,,-1,,
,,,,,20,,
,,,,,4.24693,,
,,,,,0.87578,,
,,,,,3.14054,,
,,,,,2.18805,,
,,,,,0.68725,,
,,,,,0.4,,
,,,,,0,,
,,,,,479,,
,,,,,466,,
,,,,,-1,,
,,,,,20,,
,,,,,4.37359,,
,,,,,0.84245,,
,,,,,3.01252,,
,,,,,2.08129,,
,,,,,0.5891,,
,,,,,0.0667,,
,,,,,-0.1963,,
,,,,,480,,
,,,,,466,,
,,,,,-1,,
,,,,,20,,
,,,,,4.21603,,
,,,,,0.88245,,
,,,,,3.14711,,
,,,,,2.2288,,
,,,,,0.98175,,
,,,,,0.4667,,
,,,,,0.589,,
,,,,,481,,
,,,,,466,,
,,,,,-1,,
,,,,,20,,
,,,,,4.30445,,
,,,,,0.86245,,
,,,,,3.0991,,
,,,,,2.13052,,
,,,,,0.34365,,
,,,,,0.2667,,
,,,,,-0.6872,,
,,,,,482,,
,,,,,466,,
,,,,,-1,,
,,,,,20,,
,,,,,4.38154,,
,,,,,0.84022,,
,,,,,3.00282,,
,,,,,2.07558,,
,,,,,0.73635,,
,,,,,0.0444,,
,,,,,0.0982,,
,,,,,483,,
,,,,,466,,
,,,,,-1,,
,,,,,20,,
,,,,,4.23462,,
,,,,,0.88022,,
,,,,,3.16554,,
,,,,,2.19166,,
,,,,,0.54,,
,,,,,0.4444,,
,,,,,-0.2945,,
,,,,,484,,
,,,,,466,,
,,,,,-1,,
,,,,,20,,
,,,,,4.30321,,
,,,,,0.86022,,
,,,,,3.07214,,
,,,,,2.14737,,
,,,,,0.9327,,
,,,,,0.2444,,
,,,,,0.4909,,
,,,,,489,,
,,,,,477,,
,,,,,-1,,
,,,,,21,,
,,,,,4.1042,,
,,,,,0.92211,,
,,,,,3.35963,,
,,,,,2.2733,,
,,,,,0.4909,,
,,,,,0.3333,,
,,,,,0.1963,,
,,,,,486,,
,,,,,477,,
,,,,,-1,,
,,,,,21,,
,,,,,4.15336,,
,,,,,0.90878,,
,,,,,3.30331,,
,,,,,2.23441,,
,,,,,0.1964,,
,,,,,0.2,,
,,,,,-0.3927,,
,,,,,487,,
,,,,,477,,
,,,,,-1,,
,,,,,21,,
,,,,,4.16602,,
,,,,,0.90211,,
,,,,,3.26764,,
,,,,,2.23376,,
,,,,,0.5891,,
,,,,,0.1333,,
,,,,,0.3927,,
,,,,,488,,
,,,,,477,,
,,,,,-1,,
,,,,,21,,
,,,,,4.07038,,
,,,,,0.94178,,
,,,,,3.46251,,
,,,,,2.27525,,
,,,,,0.0982502,,
,,,,,0.53,,
,,,,,-0.589,,
,,,,,485,,
,,,,,477,,
,,,,,-1,,
,,,,,21,,
,,,,,4.08788,,
,,,,,0.92878,,
,,,,,3.39312,,
,,,,,2.2801,,
,,,,,0.39275,,
,,,,,0.4,,
,,,,,0,,
,,,,,490,,
,,,,,477,,
,,,,,-1,,
,,,,,21,,
,,,,,4.19009,,
,,,,,0.89545,,
,,,,,3.23962,,
,,,,,2.21509,,
,,,,,0.2946,,
,,,,,0.0667,,
,,,,,-0.1963,,
,,,,,491,,
,,,,,477,,
,,,,,496,,
,,,,,21,,
,,,,,4.05341,,
,,,,,0.93545,,
,,,,,3.41124,,
,,,,,2.31718,,
,,,,,0.68725,,
,,,,,0.4667,,
,,,,,0.589,,
,,,,,492,,
,,,,,477,,
,,,,,-1,,
,,,,,21,,
,,,,,4.14037,,
,,,,,0.91545,,
,,,,,3.33677,,
,,,,,2.23707,,
,,,,,0.0491502,,
,,,,,0.2667,,
,,,,,-0.6872,,
,,,,,493,,
,,,,,477,,
,,,,,-1,,
,,,,,21,,
,,,,,4.19595,,
,,,,,0.89322,,
,,,,,3.22869,,
,,,,,2.21245,,
,,,,,0.44185,,
,,,,,0.0444,,
,,,,,0.0982,,
,,,,,494,,
,,,,,477,,
,,,,,-1,,
,,,,,21,,
,,,,,4.08298,,
,,,,,0.93322,,
,,,,,3.4181,,
,,,,,2.2763,,
,,,,,0.2455,,
,,,,,0.4444,,
,,,,,-0.2945,,
,,,,,495,,
,,,,,477,,
,,,,,-1,,
,,,,,21,,
,,,,,4.12855,,
,,,,,0.91322,,
,,,,,3.31586,,
,,,,,2.26102,,
,,,,,0.6382,,
,,,,,0.2444,,
,,,,,0.4909,,
,,,,,496,,
,,,,,491,,
,,,,,-1,,
,,,,,22,,
,,,,,3.90626,,
,,,,,0.97545,,
,,,,,3.56583,,
,,,,,2.44407,,
,,,,,0.68725,,
,,,,,0.4,,
,,,,,0,,
,,,,,497,,
,,,,,491,,
,,,,,-1,,
,,,,,22,,
,,,,,3.98283,,
,,,,,0.95545,,
,,,,,3.49315,,
,,,,,2.37428,,
,,,,,0.4909,,
,,,,,0.2,,
,,,,,-0.3927,,
,,,,,498,,
,,,,,491,,
,,,,,-1,,
,,,,,22,,
,,,,,4.00266,,
,,,,,0.94878,,
,,,,,3.4592,,
,,,,,2.36331,,
,,,,,0.8836,,
,,,,,0.1333,,
,,,,,0.3927,,
,,,,,499,,
,,,,,491,,
,,,,,507,,
,,,,,22,,
,,,,,3.87302,,
,,,,,0.98845,,
,,,,,3.63364,,
,,,,,2.45957,,
,,,,,0.39275,,
,,,,,0.53,,
,,,,,-0.589,,
,,,,,500,,
,,,,,491,,
,,,,,-1,,
,,,,,22,,
,,,,,3.92851,,
,,,,,0.96878,,
,,,,,3.53576,,
,,,,,2.42784,,
,,,,,0.7854,,
,,,,,0.3333,,
,,,,,0.1963,,
,,,,,501,,
,,,,,491,,
,,,,,-1,,
,,,,,22,,
,,,,,4.02925,,
,,,,,0.94212,,
,,,,,3.43781,,
,,,,,2.3373,,
,,,,,0.5891,,
,,,,,0.0667,,
,,,,,-0.1963,,
,,,,,502,,
,,,,,491,,
,,,,,-1,,
,,,,,22,,
,,,,,3.87421,,
,,,,,0.98212,,
,,,,,3.5724,,
,,,,,2.48481,,
,,,,,0.98175,,
,,,,,0.4667,,
,,,,,0.589,,
,,,,,503,,
,,,,,491,,
,,,,,-1,,
,,,,,22,,
,,,,,3.96339,,
,,,,,0.96212,,
,,,,,3.5244,,
,,,,,2.38653,,
,,,,,0.34365,,
,,,,,0.2667,,
,,,,,-0.6872,,
,,,,,504,,
,,,,,491,,
,,,,,-1,,
,,,,,22,,
,,,,,4.03685,,
,,,,,0.93989,,
,,,,,3.42811,,
,,,,,2.3316,,
,,,,,0.73635,,
,,,,,0.0444,,
,,,,,0.0982,,
,,,,,505,,
,,,,,491,,
,,,,,-1,,
,,,,,22,,
,,,,,3.89538,,
,,,,,0.97989,,
,,,,,3.59084,,
,,,,,2.44768,,
,,,,,0.54,,
,,,,,0.4444,,
,,,,,-0.2945,,
,,,,,506,,
,,,,,491,,
,,,,,-1,,
,,,,,22,,
,,,,,3.95991,,
,,,,,0.95989,,
,,,,,3.49743,,
,,,,,2.40339,,
,,,,,0.9327,,
,,,,,0.2444,,
,,,,,0.4909,,
,,,,,507,,
,,,,,499,,
,,,,,-1,,
,,,,,23,,
,,,,,3.76101,,
,,,,,1.02845,,
,,,,,3.81842,,
,,,,,2.53611,,
,,,,,0.39275,,
,,,,,0.4,,
,,,,,0,,
,,,,,508,,
,,,,,499,,
,,,,,-1,,
,,,,,23,,
,,,,,3.82171,,
,,,,,1.00845,,
,,,,,3.7286,,
,,,,,2.49043,,
,,,,,0.1964,,
,,,,,0.2,,
,,,,,-0.3927,,
,,,,,515,,
,,,,,499,,
,,,,,-1,,
,,,,,23,,
,,,,,3.86002,,
,,,,,0.99289,,
,,,,,3.65398,,
,,,,,2.46846,,
,,,,,0.44185,,
,,,,,0.0444,,
,,,,,0.0982,,
,,,,,510,,
,,,,,499,,
,,,,,-1,,
,,,,,23,,
,,,,,3.74915,,
,,,,,1.04145,,
,,,,,3.88781,,
,,,,,2.53126,,
,,,,,0.0982502,,
,,,,,0.53,,
,,,,,-0.589,,
,,,,,511,,
,,,,,499,,
,,,,,-1,,
,,,,,23,,
,,,,,3.77508,,
,,,,,1.02178,,
,,,,,3.78493,,
,,,,,2.52932,,
,,,,,0.4909,,
,,,,,0.3333,,
,,,,,0.1963,,
,,,,,509,,
,,,,,499,,
,,,,,-1,,
,,,,,23,,
,,,,,3.83191,,
,,,,,1.00178,,
,,,,,3.69294,,
,,,,,2.48978,,
,,,,,0.5891,,
,,,,,0.1333,,
,,,,,0.3927,,
,,,,,513,,
,,,,,499,,
,,,,,518,,
,,,,,23,,
,,,,,3.72641,,
,,,,,1.03512,,
,,,,,3.83653,,
,,,,,2.5732,,
,,,,,0.68725,,
,,,,,0.4667,,
,,,,,0.589,,
,,,,,514,,
,,,,,499,,
,,,,,-1,,
,,,,,23,,
,,,,,3.81103,,
,,,,,1.01512,,
,,,,,3.76206,,
,,,,,2.49308,,
,,,,,0.0491502,,
,,,,,0.2667,,
,,,,,-0.6872,,
,,,,,512,,
,,,,,499,,
,,,,,-1,,
,,,,,23,,
,,,,,3.85479,,
,,,,,0.99512,,
,,,,,3.66492,,
,,,,,2.47111,,
,,,,,0.2946,,
,,,,,0.0667,,
,,,,,-0.1963,,
,,,,,516,,
,,,,,499,,
,,,,,-1,,
,,,,,23,,
,,,,,3.75818,,
,,,,,1.03289,,
,,,,,3.84339,,
,,,,,2.53231,,
,,,,,0.2455,,
,,,,,0.4444,,
,,,,,-0.2945,,
,,,,,517,,
,,,,,499,,
,,,,,-1,,
,,,,,23,,
,,,,,3.79674,,
,,,,,1.01289,,
,,,,,3.74115,,
,,,,,2.51704,,
,,,,,0.6382,,
,,,,,0.2444,,
,,,,,0.4909,,
,,,,,518,,
,,,,,513,,
,,,,,-1,,
,,,,,24,,
,,,,,3.58658,,
,,,,,1.07512,,
,,,,,3.99113,,
,,,,,2.70008,,
,,,,,0.68725,,
,,,,,0.4,,
,,,,,0,,
,,,,,519,,
,,,,,513,,
,,,,,-1,,
,,,,,24,,
,,,,,3.65998,,
,,,,,1.05512,,
,,,,,3.91844,,
,,,,,2.63029,,
,,,,,0.4909,,
,,,,,0.2,,
,,,,,-0.3927,,
,,,,,520,,
,,,,,513,,
,,,,,-1,,
,,,,,24,,
,,,,,3.67751,,
,,,,,1.04845,,
,,,,,3.8845,,
,,,,,2.61932,,
,,,,,0.8836,,
,,,,,0.1333,,
,,,,,0.3927,,
,,,,,521,,
,,,,,513,,
,,,,,529,,
,,,,,24,,
,,,,,3.55878,,
,,,,,1.08812,,
,,,,,4.05894,,
,,,,,2.71558,,
,,,,,0.39275,,
,,,,,0.53,,
,,,,,-0.589,,
,,,,,522,,
,,,,,513,,
,,,,,-1,,
,,,,,24,,
,,,,,3.60694,,
,,,,,1.06845,,
,,,,,3.96105,,
,,,,,2.68386,,
,,,,,0.7854,,
,,,,,0.3333,,
,,,,,0.1963,,
,,,,,523,,
,,,,,513,,
,,,,,-1,,
,,,,,24,,
,,,,,3.70348,,
,,,,,1.04179,,
,,,,,3.86311,,
,,,,,2.59332,,
,,,,,0.5891,,
,,,,,0.0667,,
,,,,,-0.1963,,
,,,,,524,,
,,,,,513,,
,,,,,-1,,
,,,,,24,,
,,,,,3.55332,,
,,,,,1.08179,,
,,,,,3.9977,,
,,,,,2.74083,,
,,,,,0.98175,,
,,,,,0.4667,,
,,,,,0.589,,
,,,,,525,,
,,,,,513,,
,,,,,-1,,
,,,,,24,,
,,,,,3.64263,,
,,,,,1.06179,,
,,,,,3.94969,,
,,,,,2.64255,,
,,,,,0.34365,,
,,,,,0.2667,,
,,,,,-0.6872,,
,,,,,526,,
,,,,,513,,
,,,,,-1,,
,,,,,24,,
,,,,,3.71056,,
,,,,,1.03956,,
,,,,,3.85341,,
,,,,,2.58762,,
,,,,,0.73635,,
,,,,,0.0444,,
,,,,,0.0982,,
,,,,,527,,
,,,,,513,,
,,,,,-1,,
,,,,,24,,
,,,,,3.57776,,
,,,,,1.07956,,
,,,,,4.01614,,
,,,,,2.7037,,
,,,,,0.54,,
,,,,,0.4444,,
,,,,,-0.2945,,
,,,,,528,,
,,,,,513,,
,,,,,-1,,
,,,,,24,,
,,,,,3.63617,,
,,,,,1.05956,,
,,,,,3.92273,,
,,,,,2.6594,,
,,,,,0.9327,,
,,,,,0.2444,,
,,,,,0.4909,,
,,,,,533,,
,,,,,521,,
,,,,,-1,,
,,,,,25,,
,,,,,3.47273,,
,,,,,1.12145,,
,,,,,4.21022,,
,,,,,2.78533,,
,,,,,0.4909,,
,,,,,0.3333,,
,,,,,0.1963,,
,,,,,530,,
,,,,,521,,
,,,,,-1,,
,,,,,25,,
,,,,,3.51528,,
,,,,,1.10812,,
,,,,,4.1539,,
,,,,,2.74644,,
,,,,,0.1964,,
,,,,,0.2,,
,,,,,-0.3927,,
,,,,,531,,
,,,,,521,,
,,,,,-1,,
,,,,,25,,
,,,,,3.52197,,
,,,,,1.10145,,
,,,,,4.11823,,
,,,,,2.7458,,
,,,,,0.5891,,
,,,,,0.1333,,
,,,,,0.3927,,
,,,,,532,,
,,,,,521,,
,,,,,-1,,
,,,,,25,,
,,,,,3.458,,
,,,,,1.14112,,
,,,,,4.3131,,
,,,,,2.78728,,
,,,,,0.0982502,,
,,,,,0.53,,
,,,,,-0.589,,
,,,,,529,,
,,,,,521,,
,,,,,-1,,
,,,,,25,,
,,,,,3.46193,,
,,,,,1.12812,,
,,,,,4.24371,,
,,,,,2.79213,,
,,,,,0.39275,,
,,,,,0.4,,
,,,,,0,,
,,,,,534,,
,,,,,521,,
,,,,,-1,,
,,,,,25,,
,,,,,3.54299,,
,,,,,1.09479,,
,,,,,4.09022,,
,,,,,2.72712,,
,,,,,0.2946,,
,,,,,0.0667,,
,,,,,-0.1963,,
,,,,,535,,
,,,,,521,,
,,,,,540,,
,,,,,25,,
,,,,,3.42765,,
,,,,,1.13479,,
,,,,,4.26183,,
,,,,,2.82922,,
,,,,,0.68725,,
,,,,,0.4667,,
,,,,,0.589,,
,,,,,536,,
,,,,,521,,
,,,,,-1,,
,,,,,25,,
,,,,,3.50789,,
,,,,,1.11479,,
,,,,,4.18736,,
,,,,,2.7491,,
,,,,,0.0491502,,
,,,,,0.2667,,
,,,,,-0.6872,,
,,,,,537,,
,,,,,521,,
,,,,,-1,,
,,,,,25,,
,,,,,3.54729,,
,,,,,1.09256,,
,,,,,4.07928,,
,,,,,2.72448,,
,,,,,0.44185,,
,,,,,0.0444,,
,,,,,0.0982,,
,,,,,538,,
,,,,,521,,
,,,,,-1,,
,,,,,25,,
,,,,,3.462,,
,,,,,1.13256,,
,,,,,4.26869,,
,,,,,2.78833,,
,,,,,0.2455,,
,,,,,0.4444,,
,,,,,-0.2945,,
,,,,,539,,
,,,,,521,,
,,,,,-1,,
,,,,,25,,
,,,,,3.49039,,
,,,,,1.11256,,
,,,,,4.16645,,
,,,,,2.77306,,
,,,,,0.6382,,
,,,,,0.2444,,
,,,,,0.4909,,
,,,,,540,,
,,,,,535,,
,,,,,-1,,
,,,,,26,,
,,,,,3.30037,,
,,,,,1.17479,,
,,,,,4.41642,,
,,,,,2.9561,,
,,,,,0.68725,,
,,,,,0.4,,
,,,,,0,,
,,,,,541,,
,,,,,535,,
,,,,,-1,,
,,,,,26,,
,,,,,3.36801,,
,,,,,1.15479,,
,,,,,4.34374,,
,,,,,2.88631,,
,,,,,0.4909,,
,,,,,0.2,,
,,,,,-0.3927,,
,,,,,542,,
,,,,,535,,
,,,,,-1,,
,,,,,26,,
,,,,,3.38207,,
,,,,,1.14812,,
,,,,,4.3098,,
,,,,,2.87534,,
,,,,,0.8836,,
,,,,,0.1333,,
,,,,,0.3927,,
,,,,,543,,
,,,,,535,,
,,,,,551,,
,,,,,26,,
,,,,,3.28073,,
,,,,,1.18779,,
,,,,,4.48424,,
,,,,,2.9716,,
,,,,,0.39275,,
,,,,,0.53,,
,,,,,-0.589,,
,,,,,544,,
,,,,,535,,
,,,,,-1,,
,,,,,26,,
,,,,,3.3177,,
,,,,,1.16812,,
,,,,,4.38635,,
,,,,,2.93987,,
,,,,,0.7854,,
,,,,,0.3333,,
,,,,,0.1963,,
,,,,,545,,
,,,,,535,,
,,,,,-1,,
,,,,,26,,
,,,,,3.40679,,
,,,,,1.14146,,
,,,,,4.28841,,
,,,,,2.84934,,
,,,,,0.5891,,
,,,,,0.0667,,
,,,,,-0.1963,,
,,,,,546,,
,,,,,535,,
,,,,,-1,,
,,,,,26,,
,,,,,3.26606,,
,,,,,1.18146,,
,,,,,4.423,,
,,,,,2.99685,,
,,,,,0.98175,,
,,,,,0.4667,,
,,,,,0.589,,
,,,,,547,,
,,,,,535,,
,,,,,-1,,
,,,,,26,,
,,,,,3.35387,,
,,,,,1.16146,,
,,,,,4.37499,,
,,,,,2.89857,,
,,,,,0.34365,,
,,,,,0.2667,,
,,,,,-0.6872,,
,,,,,548,,
,,,,,535,,
,,,,,-1,,
,,,,,26,,
,,,,,3.41303,,
,,,,,1.13923,,
,,,,,4.27871,,
,,,,,2.84363,,
,,,,,0.73635,,
,,,,,0.0444,,
,,,,,0.0982,,
,,,,,549,,
,,,,,535,,
,,,,,-1,,
,,,,,26,,
,,,,,3.29459,,
,,,,,1.17923,,
,,,,,4.44143,,
,,,,,2.95972,,
,,,,,0.54,,
,,,,,0.4444,,
,,,,,-0.2945,,
,,,,,550,,
,,,,,535,,
,,,,,-1,,
,,,,,26,,
,,,,,3.34339,,
,,,,,1.15923,,
,,,,,4.34802,,
,,,,,2.91542,,
,,,,,0.9327,,
,,,,,0.2444,,
,,,,,0.4909,,
,,,,,551,,
,,,,,543,,
,,,,,-1,,
,,,,,27,,
,,,,,3.20751,,
,,,,,1.22779,,
,,,,,4.66901,,
,,,,,3.04815,,
,,,,,0.39275,,
,,,,,0.4,,
,,,,,0,,
,,,,,552,,
,,,,,543,,
,,,,,-1,,
,,,,,27,,
,,,,,3.24917,,
,,,,,1.20779,,
,,,,,4.57919,,
,,,,,3.00246,,
,,,,,0.1964,,
,,,,,0.2,,
,,,,,-0.3927,,
,,,,,553,,
,,,,,543,,
,,,,,-1,,
,,,,,27,,
,,,,,3.25078,,
,,,,,1.20112,,
,,,,,4.54353,,
,,,,,3.00182,,
,,,,,0.5891,,
,,,,,0.1333,,
,,,,,0.3927,,
,,,,,554,,
,,,,,543,,
,,,,,-1,,
,,,,,27,,
,,,,,3.2149,,
,,,,,1.24079,,
,,,,,4.7384,,
,,,,,3.0433,,
,,,,,0.0982502,,
,,,,,0.53,,
,,,,,-0.589,,
,,,,,558,,
,,,,,543,,
,,,,,-1,,
,,,,,27,,
,,,,,3.2466,,
,,,,,1.21446,,
,,,,,4.61265,,
,,,,,3.00512,,
,,,,,0.0491502,,
,,,,,0.2667,,
,,,,,-0.6872,,
,,,,,559,,
,,,,,543,,
,,,,,-1,,
,,,,,27,,
,,,,,3.27161,,
,,,,,1.19223,,
,,,,,4.50457,,
,,,,,2.9805,,
,,,,,0.44185,,
,,,,,0.0444,,
,,,,,0.0982,,
,,,,,557,,
,,,,,543,,
,,,,,562,,
,,,,,27,,
,,,,,3.17462,,
,,,,,1.23446,,
,,,,,4.68712,,
,,,,,3.08523,,
,,,,,0.68725,,
,,,,,0.4667,,
,,,,,0.589,,
,,,,,555,,
,,,,,543,,
,,,,,-1,,
,,,,,27,,
,,,,,3.21339,,
,,,,,1.22112,,
,,,,,4.63552,,
,,,,,3.04135,,
,,,,,0.4909,,
,,,,,0.3333,,
,,,,,0.1963,,
,,,,,556,,
,,,,,543,,
,,,,,-1,,
,,,,,27,,
,,,,,3.26869,,
,,,,,1.19446,,
,,,,,4.51551,,
,,,,,2.98314,,
,,,,,0.2946,,
,,,,,0.0667,,
,,,,,-0.1963,,
,,,,,560,,
,,,,,543,,
,,,,,-1,,
,,,,,27,,
,,,,,3.21168,,
,,,,,1.23223,,
,,,,,4.69398,,
,,,,,3.04435,,
,,,,,0.2455,,
,,,,,0.4444,,
,,,,,-0.2945,,
,,,,,561,,
,,,,,543,,
,,,,,-1,,
,,,,,27,,
,,,,,3.225,,
,,,,,1.21223,,
,,,,,4.59174,,
,,,,,3.02907,,
,,,,,0.6382,,
,,,,,0.2444,,
,,,,,0.4909,,
,,,,,562,,
,,,,,557,,
,,,,,-1,,
,,,,,28,,
,,,,,3.06933,,
,,,,,1.27446,,
,,,,,4.84172,,
,,,,,3.21212,,
,,,,,0.68725,,
,,,,,0.4,,
,,,,,0,,
,,,,,563,,
,,,,,557,,
,,,,,-1,,
,,,,,28,,
,,,,,3.12644,,
,,,,,1.25446,,
,,,,,4.76903,,
,,,,,3.14233,,
,,,,,0.4909,,
,,,,,0.2,,
,,,,,-0.3927,,
,,,,,564,,
,,,,,557,,
,,,,,-1,,
,,,,,28,,
,,,,,3.13511,,
,,,,,1.24779,,
,,,,,4.73509,,
,,,,,3.13136,,
,,,,,0.8836,,
,,,,,0.1333,,
,,,,,0.3927,,
,,,,,565,,
,,,,,557,,
,,,,,-1,,
,,,,,28,,
,,,,,3.06215,,
,,,,,1.28746,,
,,,,,4.90953,,
,,,,,3.22762,,
,,,,,0.39275,,
,,,,,0.53,,
,,,,,-0.589,,
,,,,,566,,
,,,,,557,,
,,,,,-1,,
,,,,,28,,
,,,,,3.0817,,
,,,,,1.26779,,
,,,,,4.81164,,
,,,,,3.19589,,
,,,,,0.7854,,
,,,,,0.3333,,
,,,,,0.1963,,
,,,,,567,,
,,,,,557,,
,,,,,-1,,
,,,,,28,,
,,,,,3.15728,,
,,,,,1.24113,,
,,,,,4.7137,,
,,,,,3.10536,,
,,,,,0.5891,,
,,,,,0.0667,,
,,,,,-0.1963,,
,,,,,568,,
,,,,,557,,
,,,,,573,,
,,,,,28,,
,,,,,3.03484,,
,,,,,1.28113,,
,,,,,4.84829,,
,,,,,3.25287,,
,,,,,0.98175,,
,,,,,0.4667,,
,,,,,0.589,,
,,,,,569,,
,,,,,557,,
,,,,,-1,,
,,,,,28,,
,,,,,3.11732,,
,,,,,1.26113,,
,,,,,4.80028,,
,,,,,3.15458,,
,,,,,0.34365,,
,,,,,0.2667,,
,,,,,-0.6872,,
,,,,,570,,
,,,,,557,,
,,,,,-1,,
,,,,,28,,
,,,,,3.16216,,
,,,,,1.2389,,
,,,,,4.704,,
,,,,,3.09965,,
,,,,,0.73635,,
,,,,,0.0444,,
,,,,,0.0982,,
,,,,,571,,
,,,,,557,,
,,,,,-1,,
,,,,,28,,
,,,,,3.06814,,
,,,,,1.2789,,
,,,,,4.86673,,
,,,,,3.21573,,
,,,,,0.54,,
,,,,,0.4444,,
,,,,,-0.2945,,
,,,,,572,,
,,,,,557,,
,,,,,-1,,
,,,,,28,,
,,,,,3.10146,,
,,,,,1.2589,,
,,,,,4.77332,,
,,,,,3.17144,,
,,,,,0.9327,,
,,,,,0.2444,,
,,,,,0.4909,,
,,,,,573,,
,,,,,568,,
,,,,,-1,,
,,,,,29,,
,,,,,2.90249,,
,,,,,1.32113,,
,,,,,4.9594,,
,,,,,3.41916,,
,,,,,0.98175,,
,,,,,0.4,,
,,,,,0,,
,,,,,574,,
,,,,,568,,
,,,,,-1,,
,,,,,29,,
,,,,,2.97227,,
,,,,,1.30113,,
,,,,,4.9101,,
,,,,,3.33128,,
,,,,,0.7854,,
,,,,,0.2,,
,,,,,-0.3927,,
,,,,,575,,
,,,,,568,,
,,,,,-1,,
,,,,,29,,
,,,,,2.98773,,
,,,,,1.29446,,
,,,,,4.88081,,
,,,,,3.31093,,
,,,,,1.1781,,
,,,,,0.1333,,
,,,,,0.3927,,
,,,,,576,,
,,,,,568,,
,,,,,-1,,
,,,,,29,,
,,,,,2.88058,,
,,,,,1.33413,,
,,,,,5.0198,,
,,,,,3.45368,,
,,,,,0.68725,,
,,,,,0.53,,
,,,,,-0.589,,
,,,,,583,,
,,,,,568,,
,,,,,-1,,
,,,,,29,,
,,,,,2.9479,,
,,,,,1.30557,,
,,,,,4.90576,,
,,,,,3.36038,,
,,,,,1.2272,,
,,,,,0.2444,,
,,,,,0.4909,,
,,,,,581,,
,,,,,568,,
,,,,,-1,,
,,,,,29,,
,,,,,3.01965,,
,,,,,1.28557,,
,,,,,4.86026,,
,,,,,3.27156,,
,,,,,1.03085,,
,,,,,0.0444,,
,,,,,0.0982,,
,,,,,579,,
,,,,,568,,
,,,,,584,,
,,,,,29,,
,,,,,2.86843,,
,,,,,1.3278,,
,,,,,4.95386,,
,,,,,3.46006,,
,,,,,1.27625,,
,,,,,0.4667,,
,,,,,0.589,,
,,,,,577,,
,,,,,568,,
,,,,,-1,,
,,,,,29,,
,,,,,2.92086,,
,,,,,1.31446,,
,,,,,4.93533,,
,,,,,3.3949,,
,,,,,1.0799,,
,,,,,0.3333,,
,,,,,0.1963,,
,,,,,578,,
,,,,,568,,
,,,,,-1,,
,,,,,29,,
,,,,,3.01303,,
,,,,,1.2878,,
,,,,,4.86789,,
,,,,,3.27984,,
,,,,,0.8836,,
,,,,,0.0667,,
,,,,,-0.1963,,
,,,,,582,,
,,,,,568,,
,,,,,-1,,
,,,,,29,,
,,,,,2.89579,,
,,,,,1.32557,,
,,,,,4.98228,,
,,,,,3.42988,,
,,,,,0.8345,,
,,,,,0.4444,,
,,,,,-0.2945,,
,,,,,580,,
,,,,,568,,
,,,,,-1,,
,,,,,29,,
,,,,,2.95695,,
,,,,,1.3078,,
,,,,,4.93645,,
,,,,,3.35208,,
,,,,,0.63815,,
,,,,,0.2667,,
,,,,,-0.6872,,
,,,,,584,,
,,,,,579,,
,,,,,-1,,
,,,,,30,,
,,,,,2.7164,,
,,,,,1.3678,,
,,,,,5.01193,,
,,,,,3.65145,,
,,,,,1.27625,,
,,,,,0.4,,
,,,,,0,,
,,,,,585,,
,,,,,579,,
,,,,,-1,,
,,,,,30,,
,,,,,2.7948,,
,,,,,1.3478,,
,,,,,4.99026,,
,,,,,3.55304,,
,,,,,1.0799,,
,,,,,0.2,,
,,,,,-0.3927,,
,,,,,586,,
,,,,,579,,
,,,,,-1,,
,,,,,30,,
,,,,,2.81641,,
,,,,,1.34113,,
,,,,,4.96813,,
,,,,,3.52506,,
,,,,,1.4726,,
,,,,,0.1333,,
,,,,,0.3927,,
,,,,,587,,
,,,,,579,,
,,,,,595,,
,,,,,30,,
,,,,,2.68016,,
,,,,,1.3808,,
,,,,,5.0597,,
,,,,,3.70201,,
,,,,,0.98175,,
,,,,,0.53,,
,,,,,-0.589,,
,,,,,588,,
,,,,,579,,
,,,,,-1,,
,,,,,30,,
,,,,,2.73989,,
,,,,,1.36113,,
,,,,,4.99593,,
,,,,,3.62125,,
,,,,,1.3744,,
,,,,,0.3333,,
,,,,,0.1963,,
,,,,,589,,
,,,,,579,,
,,,,,-1,,
,,,,,30,,
,,,,,2.84332,,
,,,,,1.33447,,
,,,,,4.96479,,
,,,,,3.49156,,
,,,,,1.1781,,
,,,,,0.0667,,
,,,,,-0.1963,,
,,,,,590,,
,,,,,579,,
,,,,,-1,,
,,,,,30,,
,,,,,2.6855,,
,,,,,1.37447,,
,,,,,4.99475,,
,,,,,3.68898,,
,,,,,1.57075,,
,,,,,0.4667,,
,,,,,0.589,,
,,,,,591,,
,,,,,579,,
,,,,,-1,,
,,,,,30,,
,,,,,2.77391,,
,,,,,1.35447,,
,,,,,5.00943,,
,,,,,3.58059,,
,,,,,0.93265,,
,,,,,0.2667,,
,,,,,-0.6872,,
,,,,,592,,
,,,,,579,,
,,,,,-1,,
,,,,,30,,
,,,,,2.85134,,
,,,,,1.33224,,
,,,,,4.95989,,
,,,,,3.48142,,
,,,,,1.32535,,
,,,,,0.0444,,
,,,,,0.0982,,
,,,,,593,,
,,,,,579,,
,,,,,-1,,
,,,,,30,,
,,,,,2.70425,,
,,,,,1.37224,,
,,,,,5.03071,,
,,,,,3.66834,,
,,,,,1.129,,
,,,,,0.4444,,
,,,,,-0.2945,,
,,,,,594,,
,,,,,579,,
,,,,,-1,,
,,,,,30,,
,,,,,2.77279,,
,,,,,1.35224,,
,,,,,4.97765,,
,,,,,3.57962,,
,,,,,1.5217,,
,,,,,0.2444,,
,,,,,0.4909,,
,,,,,595,,
,,,,,587,,
,,,,,-1,,
,,,,,31,,
,,,,,2.56532,,
,,,,,1.4208,,
,,,,,5.17081,,
,,,,,3.8683,,
,,,,,0.98175,,
,,,,,0.4,,
,,,,,0,,
,,,,,596,,
,,,,,587,,
,,,,,-1,,
,,,,,31,,
,,,,,2.62642,,
,,,,,1.4008,,
,,,,,5.12151,,
,,,,,3.78042,,
,,,,,0.7854,,
,,,,,0.2,,
,,,,,-0.3927,,
,,,,,597,,
,,,,,587,,
,,,,,-1,,
,,,,,31,,
,,,,,2.63748,,
,,,,,1.39413,,
,,,,,5.09221,,
,,,,,3.76007,,
,,,,,1.1781,,
,,,,,0.1333,,
,,,,,0.3927,,
,,,,,598,,
,,,,,587,,
,,,,,-1,,
,,,,,31,,
,,,,,2.55508,,
,,,,,1.4338,,
,,,,,5.2312,,
,,,,,3.90282,,
,,,,,0.68725,,
,,,,,0.53,,
,,,,,-0.589,,
,,,,,605,,
,,,,,587,,
,,,,,-1,,
,,,,,31,,
,,,,,2.60147,,
,,,,,1.40524,,
,,,,,5.11716,,
,,,,,3.80952,,
,,,,,1.2272,,
,,,,,0.2444,,
,,,,,0.4909,,
,,,,,600,,
,,,,,587,,
,,,,,-1,,
,,,,,31,,
,,,,,2.66096,,
,,,,,1.38747,,
,,,,,5.07929,,
,,,,,3.72898,,
,,,,,0.8836,,
,,,,,0.0667,,
,,,,,-0.1963,,
,,,,,601,,
,,,,,587,,
,,,,,606,,
,,,,,31,,
,,,,,2.53072,,
,,,,,1.42747,,
,,,,,5.16527,,
,,,,,3.9092,,
,,,,,1.27625,,
,,,,,0.4667,,
,,,,,0.589,,
,,,,,599,,
,,,,,587,,
,,,,,-1,,
,,,,,31,,
,,,,,2.57936,,
,,,,,1.41413,,
,,,,,5.14674,,
,,,,,3.84404,,
,,,,,1.0799,,
,,,,,0.3333,,
,,,,,0.1963,,
,,,,,603,,
,,,,,587,,
,,,,,-1,,
,,,,,31,,
,,,,,2.66654,,
,,,,,1.38524,,
,,,,,5.07166,,
,,,,,3.7207,,
,,,,,1.03085,,
,,,,,0.0444,,
,,,,,0.0982,,
,,,,,604,,
,,,,,587,,
,,,,,-1,,
,,,,,31,,
,,,,,2.56283,,
,,,,,1.42524,,
,,,,,5.19369,,
,,,,,3.87902,,
,,,,,0.8345,,
,,,,,0.4444,,
,,,,,-0.2945,,
,,,,,602,,
,,,,,587,,
,,,,,-1,,
,,,,,31,,
,,,,,2.61533,,
,,,,,1.40747,,
,,,,,5.14786,,
,,,,,3.80122,,
,,,,,0.63815,,
,,,,,0.2667,,
,,,,,-0.6872,,
,,,,,606,,
,,,,,601,,
,,,,,-1,,
,,,,,32,,
,,,,,2.39419,,
,,,,,1.46747,,
,,,,,5.22333,,
,,,,,4.10059,,
,,,,,1.27625,,
,,,,,0.4,,
,,,,,0,,
,,,,,607,,
,,,,,601,,
,,,,,-1,,
,,,,,32,,
,,,,,2.46546,,
,,,,,1.44747,,
,,,,,5.20166,,
,,,,,4.00218,,
,,,,,1.0799,,
,,,,,0.2,,
,,,,,-0.3927,,
,,,,,608,,
,,,,,601,,
,,,,,-1,,
,,,,,32,,
,,,,,2.48219,,
,,,,,1.4408,,
,,,,,5.17953,,
,,,,,3.9742,,
,,,,,1.4726,,
,,,,,0.1333,,
,,,,,0.3927,,
,,,,,609,,
,,,,,601,,
,,,,,617,,
,,,,,32,,
,,,,,2.37156,,
,,,,,1.48047,,
,,,,,5.2711,,
,,,,,4.15115,,
,,,,,0.98175,,
,,,,,0.53,,
,,,,,-0.589,,
,,,,,610,,
,,,,,601,,
,,,,,-1,,
,,,,,32,,
,,,,,2.41325,,
,,,,,1.4608,,
,,,,,5.20734,,
,,,,,4.07039,,
,,,,,1.3744,,
,,,,,0.3333,,
,,,,,0.1963,,
,,,,,611,,
,,,,,601,,
,,,,,-1,,
,,,,,32,,
,,,,,2.50799,,
,,,,,1.43414,,
,,,,,5.17619,,
,,,,,3.9407,,
,,,,,1.1781,,
,,,,,0.0667,,
,,,,,-0.1963,,
,,,,,612,,
,,,,,601,,
,,,,,-1,,
,,,,,32,,
,,,,,2.36033,,
,,,,,1.47414,,
,,,,,5.20616,,
,,,,,4.13812,,
,,,,,1.57075,,
,,,,,0.4667,,
,,,,,0.589,,
,,,,,613,,
,,,,,601,,
,,,,,-1,,
,,,,,32,,
,,,,,2.44922,,
,,,,,1.45414,,
,,,,,5.22084,,
,,,,,4.02973,,
,,,,,0.93265,,
,,,,,0.2667,,
,,,,,-0.6872,,
,,,,,614,,
,,,,,601,,
,,,,,-1,,
,,,,,32,,
,,,,,2.51497,,
,,,,,1.43191,,
,,,,,5.1713,,
,,,,,3.93057,,
,,,,,1.32535,,
,,,,,0.0444,,
,,,,,0.0982,,
,,,,,615,,
,,,,,601,,
,,,,,-1,,
,,,,,32,,
,,,,,2.38703,,
,,,,,1.47191,,
,,,,,5.24211,,
,,,,,4.11749,,
,,,,,1.129,,
,,,,,0.4444,,
,,,,,-0.2945,,
,,,,,616,,
,,,,,601,,
,,,,,-1,,
,,,,,32,,
,,,,,2.44137,,
,,,,,1.45191,,
,,,,,5.18905,,
,,,,,4.02877,,
,,,,,1.5217,,
,,,,,0.2444,,
,,,,,0.4909,,
,,,,,617,,
,,,,,609,,
,,,,,-1,,
,,,,,33,,
,,,,,2.30276,,
,,,,,1.52047,,
,,,,,5.38222,,
,,,,,4.31744,,
,,,,,0.98175,,
,,,,,0.4,,
,,,,,0,,
,,,,,619,,
,,,,,609,,
,,,,,-1,,
,,,,,33,,
,,,,,2.34087,,
,,,,,1.4938,,
,,,,,5.30362,,
,,,,,4.20921,,
,,,,,1.1781,,
,,,,,0.1333,,
,,,,,0.3927,,
,,,,,618,,
,,,,,609,,
,,,,,-1,,
,,,,,33,,
,,,,,2.33976,,
,,,,,1.50047,,
,,,,,5.33292,,
,,,,,4.22956,,
,,,,,0.7854,,
,,,,,0.2,,
,,,,,-0.3927,,
,,,,,620,,
,,,,,609,,
,,,,,-1,,
,,,,,33,,
,,,,,2.31824,,
,,,,,1.53347,,
,,,,,5.44261,,
,,,,,4.35196,,
,,,,,0.68725,,
,,,,,0.53,,
,,,,,-0.589,,
,,,,,624,,
,,,,,609,,
,,,,,-1,,
,,,,,33,,
,,,,,2.33842,,
,,,,,1.50714,,
,,,,,5.35926,,
,,,,,4.25036,,
,,,,,0.63815,,
,,,,,0.2667,,
,,,,,-0.6872,,
,,,,,622,,
,,,,,609,,
,,,,,-1,,
,,,,,33,,
,,,,,2.35891,,
,,,,,1.48714,,
,,,,,5.2907,,
,,,,,4.17812,,
,,,,,0.8836,,
,,,,,0.0667,,
,,,,,-0.1963,,
,,,,,623,,
,,,,,609,,
,,,,,628,,
,,,,,33,,
,,,,,2.27119,,
,,,,,1.52714,,
,,,,,5.37668,,
,,,,,4.35834,,
,,,,,1.27625,,
,,,,,0.4667,,
,,,,,0.589,,
,,,,,621,,
,,,,,609,,
,,,,,-1,,
,,,,,33,,
,,,,,2.30617,,
,,,,,1.5138,,
,,,,,5.35814,,
,,,,,4.29319,,
,,,,,1.0799,,
,,,,,0.3333,,
,,,,,0.1963,,
,,,,,625,,
,,,,,609,,
,,,,,-1,,
,,,,,33,,
,,,,,2.362,,
,,,,,1.48491,,
,,,,,5.28307,,
,,,,,4.16984,,
,,,,,1.03085,,
,,,,,0.0444,,
,,,,,0.0982,,
,,,,,626,,
,,,,,609,,
,,,,,-1,,
,,,,,33,,
,,,,,2.30943,,
,,,,,1.52491,,
,,,,,5.4051,,
,,,,,4.32816,,
,,,,,0.8345,,
,,,,,0.4444,,
,,,,,-0.2945,,
,,,,,627,,
,,,,,609,,
,,,,,-1,,
,,,,,33,,
,,,,,2.3158,,
,,,,,1.50491,,
,,,,,5.32857,,
,,,,,4.25866,,
,,,,,1.2272,,
,,,,,0.2444,,
,,,,,0.4909,,
,,,,,632,,
,,,,,623,,
,,,,,-1,,
,,,,,34,,
,,,,,2.1978,,
,,,,,1.56047,,
,,,,,5.41874,,
,,,,,4.51953,,
,,,,,1.3744,,
,,,,,0.3333,,
,,,,,0.1963,,
,,,,,629,,
,,,,,623,,
,,,,,-1,,
,,,,,34,,
,,,,,2.23392,,
,,,,,1.54714,,
,,,,,5.41307,,
,,,,,4.45132,,
,,,,,1.0799,,
,,,,,0.2,,
,,,,,-0.3927,,
,,,,,630,,
,,,,,623,,
,,,,,-1,,
,,,,,34,,
,,,,,2.23715,,
,,,,,1.54047,,
,,,,,5.39094,,
,,,,,4.42334,,
,,,,,1.4726,,
,,,,,0.1333,,
,,,,,0.3927,,
,,,,,631,,
,,,,,623,,
,,,,,-1,,
,,,,,34,,
,,,,,2.2067,,
,,,,,1.58014,,
,,,,,5.48251,,
,,,,,4.60029,,
,,,,,0.98175,,
,,,,,0.53,,
,,,,,-0.589,,
,,,,,628,,
,,,,,623,,
,,,,,-1,,
,,,,,34,,
,,,,,2.19303,,
,,,,,1.56714,,
,,,,,5.43474,,
,,,,,4.54973,,
,,,,,1.27625,,
,,,,,0.4,,
,,,,,0,,
,,,,,633,,
,,,,,623,,
,,,,,-1,,
,,,,,34,,
,,,,,2.25667,,
,,,,,1.53381,,
,,,,,5.3876,,
,,,,,4.38984,,
,,,,,1.1781,,
,,,,,0.0667,,
,,,,,-0.1963,,
,,,,,634,,
,,,,,623,,
,,,,,639,,
,,,,,34,,
,,,,,2.16093,,
,,,,,1.57381,,
,,,,,5.41756,,
,,,,,4.58726,,
,,,,,1.57075,,
,,,,,0.4667,,
,,,,,0.589,,
,,,,,635,,
,,,,,623,,
,,,,,-1,,
,,,,,34,,
,,,,,2.23087,,
,,,,,1.55381,,
,,,,,5.43224,,
,,,,,4.47887,,
,,,,,0.93265,,
,,,,,0.2667,,
,,,,,-0.6872,,
,,,,,636,,
,,,,,623,,
,,,,,-1,,
,,,,,34,,
,,,,,2.26043,,
,,,,,1.53158,,
,,,,,5.3827,,
,,,,,4.37971,,
,,,,,1.32535,,
,,,,,0.0444,,
,,,,,0.0982,,
,,,,,637,,
,,,,,623,,
,,,,,-1,,
,,,,,34,,
,,,,,2.19887,,
,,,,,1.57158,,
,,,,,5.45352,,
,,,,,4.56663,,
,,,,,1.129,,
,,,,,0.4444,,
,,,,,-0.2945,,
,,,,,638,,
,,,,,623,,
,,,,,-1,,
,,,,,34,,
,,,,,2.20957,,
,,,,,1.55158,,
,,,,,5.40046,,
,,,,,4.47791,,
,,,,,1.5217,,
,,,,,0.2444,,
,,,,,0.4909,,
,,,,,643,,
,,,,,634,,
,,,,,-1,,
,,,,,35,,
,,,,,2.08631,,
,,,,,1.60714,,
,,,,,5.41103,,
,,,,,4.75372,,
,,,,,1.6689,,
,,,,,0.3333,,
,,,,,0.1963,,
,,,,,641,,
,,,,,634,,
,,,,,-1,,
,,,,,35,,
,,,,,2.12567,,
,,,,,1.58714,,
,,,,,5.41234,,
,,,,,4.6536,,
,,,,,1.7671,,
,,,,,0.1333,,
,,,,,0.3927,,
,,,,,640,,
,,,,,634,,
,,,,,-1,,
,,,,,35,,
,,,,,2.12207,,
,,,,,1.59381,,
,,,,,5.4254,,
,,,,,4.6868,,
,,,,,1.3744,,
,,,,,0.2,,
,,,,,-0.3927,,
,,,,,648,,
,,,,,634,,
,,,,,-1,,
,,,,,35,,
,,,,,2.08939,,
,,,,,1.61825,,
,,,,,5.43064,,
,,,,,4.80888,,
,,,,,1.4235,,
,,,,,0.4444,,
,,,,,-0.2945,,
,,,,,639,,
,,,,,634,,
,,,,,-1,,
,,,,,35,,
,,,,,2.08245,,
,,,,,1.61381,,
,,,,,5.41757,,
,,,,,4.78726,,
,,,,,1.57075,,
,,,,,0.4,,
,,,,,0,,
,,,,,647,,
,,,,,634,,
,,,,,-1,,
,,,,,35,,
,,,,,2.14967,,
,,,,,1.57825,,
,,,,,5.41713,,
,,,,,4.60946,,
,,,,,1.61985,,
,,,,,0.0444,,
,,,,,0.0982,,
,,,,,645,,
,,,,,634,,
,,,,,-1,,
,,,,,35,,
,,,,,2.051,,
,,,,,1.62048,,
,,,,,5.39024,,
,,,,,4.81819,,
,,,,,1.86525,,
,,,,,0.4667,,
,,,,,0.589,,
,,,,,646,,
,,,,,634,,
,,,,,-1,,
,,,,,35,,
,,,,,2.11913,,
,,,,,1.60048,,
,,,,,5.43575,,
,,,,,4.71873,,
,,,,,1.22715,,
,,,,,0.2667,,
,,,,,-0.6872,,
,,,,,644,,
,,,,,634,,
,,,,,-1,,
,,,,,35,,
,,,,,2.14565,,
,,,,,1.58048,,
,,,,,5.41887,,
,,,,,4.62057,,
,,,,,1.4726,,
,,,,,0.0667,,
,,,,,-0.1963,,
,,,,,642,,
,,,,,634,,
,,,,,-1,,
,,,,,35,,
,,,,,2.09999,,
,,,,,1.62681,,
,,,,,5.44861,,
,,,,,4.84951,,
,,,,,1.27625,,
,,,,,0.53,,
,,,,,-0.589,,
